insert into camara values(0);
insert into camara values(1);
insert into camara values(2);
insert into camara values(3);
insert into camara values(4);
insert into camara values(5);
insert into camara values(6);
insert into camara values(7);
insert into camara values(8);
insert into camara values(9);
insert into camara values(10);
insert into camara values(11);
insert into camara values(12);
insert into camara values(13);
insert into camara values(14);
insert into camara values(15);
insert into camara values(16);
insert into camara values(17);
insert into camara values(18);
insert into camara values(19);
insert into camara values(20);
insert into camara values(21);
insert into camara values(22);
insert into camara values(23);
insert into camara values(24);
insert into camara values(25);
insert into camara values(26);
insert into camara values(27);
insert into camara values(28);
insert into camara values(29);
insert into camara values(30);
insert into camara values(31);
insert into camara values(32);
insert into camara values(33);
insert into camara values(34);
insert into camara values(35);
insert into camara values(36);
insert into camara values(37);
insert into camara values(38);
insert into camara values(39);
insert into camara values(40);
insert into camara values(41);
insert into camara values(42);
insert into camara values(43);
insert into camara values(44);
insert into camara values(45);
insert into camara values(46);
insert into camara values(47);
insert into camara values(48);
insert into camara values(49);
insert into camara values(50);
insert into camara values(51);
insert into camara values(52);
insert into camara values(53);
insert into camara values(54);
insert into camara values(55);
insert into camara values(56);
insert into camara values(57);
insert into camara values(58);
insert into camara values(59);
insert into camara values(60);
insert into camara values(61);
insert into camara values(62);
insert into camara values(63);
insert into camara values(64);
insert into camara values(65);
insert into camara values(66);
insert into camara values(67);
insert into camara values(68);
insert into camara values(69);
insert into camara values(70);
insert into camara values(71);
insert into camara values(72);
insert into camara values(73);
insert into camara values(74);
insert into camara values(75);
insert into camara values(76);
insert into camara values(77);
insert into camara values(78);
insert into camara values(79);
insert into camara values(80);
insert into camara values(81);
insert into camara values(82);
insert into camara values(83);
insert into camara values(84);
insert into camara values(85);
insert into camara values(86);
insert into camara values(87);
insert into camara values(88);
insert into camara values(89);
insert into camara values(90);
insert into camara values(91);
insert into camara values(92);
insert into camara values(93);
insert into camara values(94);
insert into camara values(95);
insert into camara values(96);
insert into camara values(97);
insert into camara values(98);
insert into camara values(99);
insert into camara values(100);
insert into camara values(101);



insert into video values('2017-11-10 05:41:21', '2017-11-10 06:00:21', 0);
insert into video values('2016-08-04 19:07:06', '2016-08-04 19:26:06', 0);
insert into video values('2017-01-18 19:32:20', '2017-01-18 19:50:20', 1);
insert into video values('2018-10-09 03:49:08', '2018-10-09 04:11:08', 1);
insert into video values('2016-06-24 08:45:16', '2016-06-24 09:07:16', 2);
insert into video values('2017-10-14 07:11:24', '2017-10-14 07:21:24', 2);
insert into video values('2018-09-26 17:54:02', '2018-09-26 18:11:02', 2);
insert into video values('2016-03-05 06:09:12', '2016-03-05 06:25:12', 2);
insert into video values('2016-01-28 08:44:54', '2016-01-28 09:11:54', 3);
insert into video values('2018-05-20 10:11:30', '2018-05-20 10:33:30', 3);
insert into video values('2017-09-19 21:05:17', '2017-09-19 21:25:17', 3);
insert into video values('2018-05-16 20:32:50', '2018-05-16 20:45:50', 3);
insert into video values('2017-06-14 17:44:39', '2017-06-14 18:00:39', 4);
insert into video values('2017-12-08 05:01:45', '2017-12-08 05:11:45', 4);
insert into video values('2017-02-02 06:17:14', '2017-02-02 06:39:14', 5);
insert into video values('2017-09-11 19:07:42', '2017-09-11 19:26:42', 5);
insert into video values('2017-07-06 07:14:00', '2017-07-06 07:28:00', 5);
insert into video values('2018-03-25 03:07:13', '2018-03-25 03:34:13', 6);
insert into video values('2016-04-24 11:48:17', '2016-04-24 12:06:17', 6);
insert into video values('2016-08-16 05:18:03', '2016-08-16 05:36:03', 6);
insert into video values('2016-04-30 19:22:18', '2016-04-30 19:41:18', 7);
insert into video values('2018-07-22 18:36:19', '2018-07-22 18:48:19', 7);
insert into video values('2017-01-05 05:54:23', '2017-01-05 06:24:23', 7);
insert into video values('2018-08-17 06:56:11', '2018-08-17 07:25:11', 7);
insert into video values('2018-01-21 09:57:49', '2018-01-21 10:14:49', 8);
insert into video values('2018-07-11 10:50:24', '2018-07-11 11:01:24', 8);
insert into video values('2017-04-15 01:06:04', '2017-04-15 01:36:04', 8);
insert into video values('2018-03-06 16:58:33', '2018-03-06 17:17:33', 8);
insert into video values('2018-10-15 14:50:22', '2018-10-15 15:19:22', 9);
insert into video values('2017-07-28 06:02:25', '2017-07-28 06:28:25', 9);
insert into video values('2016-12-22 04:33:33', '2016-12-22 04:45:33', 10);
insert into video values('2018-04-22 12:09:24', '2018-04-22 12:25:24', 10);
insert into video values('2016-08-28 21:22:36', '2016-08-28 21:45:36', 11);
insert into video values('2016-03-15 05:12:32', '2016-03-15 05:29:32', 11);
insert into video values('2018-03-14 15:04:03', '2018-03-14 15:25:03', 11);
insert into video values('2016-07-15 23:27:30', '2016-07-15 23:51:30', 12);
insert into video values('2016-01-30 22:00:00', '2016-01-30 22:21:00', 12);
insert into video values('2018-04-25 06:09:36', '2018-04-25 06:24:36', 12);
insert into video values('2018-06-07 02:38:37', '2018-06-07 02:49:37', 13);
insert into video values('2018-07-22 16:27:25', '2018-07-22 16:51:25', 13);
insert into video values('2017-03-24 11:56:54', '2017-03-24 12:07:54', 14);
insert into video values('2018-11-14 11:49:48', '2018-11-14 12:17:48', 14);
insert into video values('2017-07-07 06:47:27', '2017-07-07 07:04:27', 14);
insert into video values('2017-01-23 20:29:21', '2017-01-23 20:39:21', 14);
insert into video values('2018-02-15 05:22:23', '2018-02-15 05:38:23', 15);
insert into video values('2016-08-06 14:38:24', '2016-08-06 14:53:24', 15);
insert into video values('2016-01-06 08:49:24', '2016-01-06 09:16:24', 16);
insert into video values('2017-03-28 02:02:16', '2017-03-28 02:23:16', 16);
insert into video values('2018-04-13 03:18:57', '2018-04-13 03:29:57', 16);
insert into video values('2016-11-19 19:48:33', '2016-11-19 20:07:33', 16);
insert into video values('2017-06-03 05:18:38', '2017-06-03 05:30:38', 17);
insert into video values('2017-03-04 23:32:19', '2017-03-04 23:46:19', 17);
insert into video values('2017-03-09 22:03:25', '2017-03-09 22:19:25', 17);
insert into video values('2017-02-17 15:45:20', '2017-02-17 16:11:20', 18);
insert into video values('2018-04-06 22:03:56', '2018-04-06 22:33:56', 18);
insert into video values('2018-03-30 06:41:45', '2018-03-30 06:53:45', 18);
insert into video values('2018-09-14 05:29:30', '2018-09-14 05:51:30', 19);
insert into video values('2018-04-08 07:07:06', '2018-04-08 07:21:06', 19);
insert into video values('2016-05-09 15:01:30', '2016-05-09 15:26:30', 19);
insert into video values('2016-07-15 09:01:21', '2016-07-15 09:31:21', 19);
insert into video values('2018-02-26 03:52:07', '2018-02-26 04:03:07', 20);
insert into video values('2016-12-19 19:41:17', '2016-12-19 19:58:17', 20);
insert into video values('2016-11-13 05:34:06', '2016-11-13 05:50:06', 21);
insert into video values('2016-03-05 10:40:38', '2016-03-05 11:08:38', 21);
insert into video values('2018-07-18 19:06:58', '2018-07-18 19:31:58', 21);
insert into video values('2018-04-13 10:39:08', '2018-04-13 11:08:08', 21);
insert into video values('2016-01-15 01:50:37', '2016-01-15 02:09:37', 22);
insert into video values('2016-11-01 02:28:52', '2016-11-01 02:51:52', 22);
insert into video values('2018-02-27 10:35:05', '2018-02-27 10:57:05', 22);
insert into video values('2016-01-16 05:54:53', '2016-01-16 06:12:53', 22);
insert into video values('2018-12-29 08:48:53', '2018-12-29 09:01:53', 23);
insert into video values('2017-05-07 01:27:20', '2017-05-07 01:56:20', 23);
insert into video values('2018-08-01 20:10:13', '2018-08-01 20:38:13', 24);
insert into video values('2018-11-07 07:31:46', '2018-11-07 07:51:46', 24);
insert into video values('2017-11-13 17:38:02', '2017-11-13 17:50:02', 24);
insert into video values('2017-11-11 10:37:03', '2017-11-11 11:03:03', 25);
insert into video values('2017-07-27 12:56:06', '2017-07-27 13:20:06', 25);
insert into video values('2016-05-26 14:52:11', '2016-05-26 15:20:11', 25);
insert into video values('2018-11-25 07:17:34', '2018-11-25 07:27:34', 25);
insert into video values('2016-02-08 10:59:40', '2016-02-08 11:16:40', 26);
insert into video values('2017-02-14 07:47:18', '2017-02-14 07:58:18', 26);
insert into video values('2018-09-30 04:18:13', '2018-09-30 04:31:13', 27);
insert into video values('2018-02-13 16:16:29', '2018-02-13 16:43:29', 27);
insert into video values('2017-08-24 08:20:08', '2017-08-24 08:40:08', 27);
insert into video values('2018-11-03 23:12:09', '2018-11-03 23:29:09', 28);
insert into video values('2016-08-20 18:56:34', '2016-08-20 19:14:34', 28);
insert into video values('2017-01-16 05:56:20', '2017-01-16 06:22:20', 28);
insert into video values('2018-07-15 03:35:39', '2018-07-15 04:00:39', 29);
insert into video values('2017-01-19 23:14:40', '2017-01-19 23:26:40', 29);
insert into video values('2018-07-05 07:59:22', '2018-07-05 08:22:22', 29);
insert into video values('2018-03-22 09:41:46', '2018-03-22 10:05:46', 29);
insert into video values('2018-09-23 06:20:28', '2018-09-23 06:47:28', 30);
insert into video values('2016-02-15 14:22:38', '2016-02-15 14:32:38', 30);
insert into video values('2018-12-22 00:13:25', '2018-12-22 00:34:25', 31);
insert into video values('2016-06-27 08:29:23', '2016-06-27 08:39:23', 31);
insert into video values('2016-11-05 01:06:53', '2016-11-05 01:35:53', 32);
insert into video values('2017-10-15 00:19:16', '2017-10-15 00:40:16', 32);
insert into video values('2017-05-27 15:56:52', '2017-05-27 16:10:52', 32);
insert into video values('2016-01-22 22:57:35', '2016-01-22 23:14:35', 33);
insert into video values('2016-05-21 08:42:06', '2016-05-21 08:54:06', 33);
insert into video values('2018-02-10 16:57:25', '2018-02-10 17:11:25', 34);
insert into video values('2017-10-02 01:18:00', '2017-10-02 01:34:00', 34);
insert into video values('2018-06-19 00:08:27', '2018-06-19 00:19:27', 35);
insert into video values('2016-08-20 04:57:00', '2016-08-20 05:27:00', 35);
insert into video values('2016-02-20 17:38:34', '2016-02-20 18:03:34', 35);
insert into video values('2018-10-02 14:34:54', '2018-10-02 14:46:54', 35);
insert into video values('2017-01-30 05:31:46', '2017-01-30 05:46:46', 36);
insert into video values('2017-01-15 02:45:40', '2017-01-15 03:11:40', 36);
insert into video values('2018-06-04 19:31:18', '2018-06-04 19:51:18', 36);
insert into video values('2017-04-16 09:26:02', '2017-04-16 09:56:02', 36);
insert into video values('2016-07-17 02:57:43', '2016-07-17 03:07:43', 37);
insert into video values('2018-01-01 16:06:15', '2018-01-01 16:28:15', 37);
insert into video values('2018-07-11 10:49:51', '2018-07-11 11:04:51', 37);
insert into video values('2018-11-16 12:07:14', '2018-11-16 12:19:14', 38);
insert into video values('2018-10-29 22:42:19', '2018-10-29 23:09:19', 38);
insert into video values('2016-08-29 18:14:06', '2016-08-29 18:32:06', 39);
insert into video values('2016-11-27 17:47:43', '2016-11-27 18:17:43', 39);
insert into video values('2016-11-15 11:40:54', '2016-11-15 12:05:54', 39);
insert into video values('2016-04-25 12:14:20', '2016-04-25 12:43:20', 40);
insert into video values('2017-04-21 06:54:42', '2017-04-21 07:13:42', 40);
insert into video values('2017-08-22 01:29:52', '2017-08-22 01:48:52', 40);
insert into video values('2017-03-15 10:38:59', '2017-03-15 10:56:59', 41);
insert into video values('2016-09-18 01:52:02', '2016-09-18 02:16:02', 41);
insert into video values('2016-07-30 06:12:00', '2016-07-30 06:42:00', 42);
insert into video values('2016-07-19 13:10:59', '2016-07-19 13:26:59', 42);
insert into video values('2016-11-17 07:09:07', '2016-11-17 07:34:07', 42);
insert into video values('2016-08-24 08:29:29', '2016-08-24 08:46:29', 43);
insert into video values('2018-08-16 05:35:51', '2018-08-16 05:50:51', 43);
insert into video values('2016-05-19 05:28:24', '2016-05-19 05:41:24', 43);
insert into video values('2017-02-25 20:52:21', '2017-02-25 21:04:21', 43);
insert into video values('2017-04-13 16:32:52', '2017-04-13 16:57:52', 44);
insert into video values('2016-10-14 23:01:17', '2016-10-14 23:15:17', 44);
insert into video values('2016-11-07 17:02:44', '2016-11-07 17:14:44', 44);
insert into video values('2018-10-14 18:54:35', '2018-10-14 19:14:35', 45);
insert into video values('2018-08-06 04:33:23', '2018-08-06 04:43:23', 45);
insert into video values('2018-07-02 09:17:51', '2018-07-02 09:43:51', 45);
insert into video values('2018-12-01 21:01:37', '2018-12-01 21:11:37', 45);
insert into video values('2017-02-05 08:53:18', '2017-02-05 09:22:18', 46);
insert into video values('2018-11-15 15:10:02', '2018-11-15 15:28:02', 46);
insert into video values('2016-10-19 16:30:26', '2016-10-19 16:54:26', 46);
insert into video values('2018-11-20 13:45:15', '2018-11-20 13:58:15', 46);
insert into video values('2017-11-25 05:51:19', '2017-11-25 06:06:19', 47);
insert into video values('2018-04-29 01:09:14', '2018-04-29 01:26:14', 47);
insert into video values('2017-11-08 03:16:46', '2017-11-08 03:41:46', 47);
insert into video values('2018-07-07 20:00:31', '2018-07-07 20:13:31', 48);
insert into video values('2016-02-15 08:14:58', '2016-02-15 08:33:58', 48);
insert into video values('2018-03-31 17:49:41', '2018-03-31 18:01:41', 48);
insert into video values('2016-10-09 01:40:57', '2016-10-09 02:09:57', 49);
insert into video values('2017-01-29 16:49:54', '2017-01-29 17:07:54', 49);
insert into video values('2016-08-02 18:04:32', '2016-08-02 18:34:32', 50);
insert into video values('2017-05-19 20:02:44', '2017-05-19 20:18:44', 50);
insert into video values('2017-10-16 21:19:06', '2017-10-16 21:48:06', 50);
insert into video values('2016-08-28 15:09:38', '2016-08-28 15:34:38', 50);
insert into video values('2018-05-28 11:15:45', '2018-05-28 11:32:45', 51);
insert into video values('2017-11-07 18:58:06', '2017-11-07 19:13:06', 51);
insert into video values('2017-06-01 18:32:56', '2017-06-01 18:45:56', 51);
insert into video values('2016-03-11 13:55:26', '2016-03-11 14:11:26', 52);
insert into video values('2016-02-26 04:45:25', '2016-02-26 05:14:25', 52);
insert into video values('2016-12-08 15:39:28', '2016-12-08 15:53:28', 52);
insert into video values('2018-10-14 05:17:53', '2018-10-14 05:30:53', 52);
insert into video values('2017-12-29 22:50:28', '2017-12-29 23:17:28', 53);
insert into video values('2016-05-07 15:41:01', '2016-05-07 15:59:01', 53);
insert into video values('2018-09-10 08:01:00', '2018-09-10 08:24:00', 53);
insert into video values('2016-02-19 15:21:39', '2016-02-19 15:31:39', 53);
insert into video values('2017-04-07 17:03:54', '2017-04-07 17:15:54', 54);
insert into video values('2017-04-29 14:46:02', '2017-04-29 15:16:02', 54);
insert into video values('2017-01-28 17:13:10', '2017-01-28 17:35:10', 54);
insert into video values('2017-06-12 06:33:47', '2017-06-12 07:00:47', 55);
insert into video values('2018-01-16 02:12:23', '2018-01-16 02:29:23', 55);
insert into video values('2016-10-14 14:54:37', '2016-10-14 15:08:37', 55);
insert into video values('2017-05-07 23:02:02', '2017-05-07 23:31:02', 55);
insert into video values('2017-03-12 02:33:28', '2017-03-12 02:54:28', 56);
insert into video values('2016-07-06 19:32:12', '2016-07-06 19:57:12', 56);
insert into video values('2017-02-23 08:30:11', '2017-02-23 08:52:11', 56);
insert into video values('2018-06-09 19:37:44', '2018-06-09 19:50:44', 56);
insert into video values('2017-08-14 20:08:04', '2017-08-14 20:27:04', 57);
insert into video values('2017-09-03 20:03:53', '2017-09-03 20:23:53', 57);
insert into video values('2016-12-29 20:08:11', '2016-12-29 20:25:11', 57);
insert into video values('2017-05-30 12:56:26', '2017-05-30 13:20:26', 57);
insert into video values('2016-07-10 02:46:45', '2016-07-10 03:03:45', 58);
insert into video values('2016-03-30 15:26:08', '2016-03-30 15:49:08', 58);
insert into video values('2017-01-12 06:57:38', '2017-01-12 07:27:38', 58);
insert into video values('2018-08-21 20:51:22', '2018-08-21 21:19:22', 59);
insert into video values('2018-11-07 02:56:35', '2018-11-07 03:16:35', 59);
insert into video values('2018-02-16 11:49:54', '2018-02-16 12:02:54', 59);
insert into video values('2016-09-17 17:11:41', '2016-09-17 17:36:41', 60);
insert into video values('2017-04-22 17:01:43', '2017-04-22 17:27:43', 60);
insert into video values('2017-02-18 06:13:42', '2017-02-18 06:25:42', 60);
insert into video values('2017-11-04 13:11:03', '2017-11-04 13:32:03', 60);
insert into video values('2017-11-06 12:41:11', '2017-11-06 13:07:11', 61);
insert into video values('2017-10-08 12:15:12', '2017-10-08 12:29:12', 61);
insert into video values('2016-12-06 16:20:04', '2016-12-06 16:31:04', 61);
insert into video values('2018-10-17 07:54:26', '2018-10-17 08:18:26', 61);
insert into video values('2017-05-07 11:25:18', '2017-05-07 11:54:18', 62);
insert into video values('2018-01-13 09:02:14', '2018-01-13 09:15:14', 62);
insert into video values('2016-05-13 22:59:55', '2016-05-13 23:11:55', 63);
insert into video values('2018-01-20 16:30:58', '2018-01-20 16:54:58', 63);
insert into video values('2017-06-24 04:03:16', '2017-06-24 04:25:16', 63);
insert into video values('2018-04-06 07:08:22', '2018-04-06 07:18:22', 63);
insert into video values('2016-08-03 02:11:28', '2016-08-03 02:22:28', 64);
insert into video values('2016-12-02 11:06:23', '2016-12-02 11:25:23', 64);
insert into video values('2017-05-09 12:52:00', '2017-05-09 13:16:00', 64);
insert into video values('2017-07-30 13:33:10', '2017-07-30 13:59:10', 65);
insert into video values('2016-09-23 16:54:41', '2016-09-23 17:13:41', 65);
insert into video values('2018-07-25 10:28:54', '2018-07-25 10:49:54', 66);
insert into video values('2017-01-11 18:00:04', '2017-01-11 18:30:04', 66);
insert into video values('2018-01-27 05:40:50', '2018-01-27 06:01:50', 67);
insert into video values('2018-04-03 03:09:33', '2018-04-03 03:30:33', 67);
insert into video values('2016-01-19 10:34:46', '2016-01-19 11:02:46', 68);
insert into video values('2018-09-15 20:25:06', '2018-09-15 20:43:06', 68);
insert into video values('2016-02-13 08:18:51', '2016-02-13 08:33:51', 68);
insert into video values('2017-01-09 18:50:23', '2017-01-09 19:07:23', 69);
insert into video values('2018-08-06 03:13:28', '2018-08-06 03:36:28', 69);
insert into video values('2016-01-26 22:06:10', '2016-01-26 22:28:10', 70);
insert into video values('2018-06-28 17:46:45', '2018-06-28 18:12:45', 70);
insert into video values('2016-07-08 03:13:31', '2016-07-08 03:28:31', 70);
insert into video values('2016-12-22 04:11:48', '2016-12-22 04:34:48', 70);
insert into video values('2017-09-23 19:47:49', '2017-09-23 19:59:49', 71);
insert into video values('2016-06-19 00:09:01', '2016-06-19 00:37:01', 71);
insert into video values('2016-03-29 07:15:44', '2016-03-29 07:37:44', 71);
insert into video values('2018-05-04 17:25:42', '2018-05-04 17:50:42', 71);
insert into video values('2017-12-20 04:33:30', '2017-12-20 04:49:30', 72);
insert into video values('2017-12-02 16:19:47', '2017-12-02 16:38:47', 72);
insert into video values('2016-11-22 21:14:52', '2016-11-22 21:24:52', 72);
insert into video values('2017-02-16 12:19:27', '2017-02-16 12:44:27', 72);
insert into video values('2018-07-06 15:58:15', '2018-07-06 16:14:15', 73);
insert into video values('2018-03-29 02:35:32', '2018-03-29 02:56:32', 73);
insert into video values('2018-06-08 02:26:50', '2018-06-08 02:49:50', 73);
insert into video values('2017-05-16 07:17:15', '2017-05-16 07:36:15', 73);
insert into video values('2017-11-12 22:55:17', '2017-11-12 23:17:17', 74);
insert into video values('2018-07-24 08:57:06', '2018-07-24 09:11:06', 74);
insert into video values('2018-01-15 16:44:54', '2018-01-15 17:02:54', 74);
insert into video values('2017-04-10 21:43:49', '2017-04-10 22:02:49', 74);
insert into video values('2018-05-06 07:59:13', '2018-05-06 08:13:13', 75);
insert into video values('2017-12-01 11:12:00', '2017-12-01 11:32:00', 75);
insert into video values('2016-10-28 14:41:33', '2016-10-28 15:00:33', 75);
insert into video values('2017-02-18 19:26:23', '2017-02-18 19:40:23', 75);
insert into video values('2018-12-17 15:36:38', '2018-12-17 15:47:38', 76);
insert into video values('2017-08-23 11:08:52', '2017-08-23 11:20:52', 76);
insert into video values('2016-12-30 02:14:35', '2016-12-30 02:38:35', 76);
insert into video values('2016-06-28 22:32:20', '2016-06-28 22:54:20', 77);
insert into video values('2016-05-05 20:50:21', '2016-05-05 21:03:21', 77);
insert into video values('2018-12-17 23:01:22', '2018-12-17 23:25:22', 77);
insert into video values('2018-10-15 01:51:18', '2018-10-15 02:14:18', 77);
insert into video values('2018-05-02 01:48:01', '2018-05-02 02:07:01', 78);
insert into video values('2017-01-15 20:45:40', '2017-01-15 21:05:40', 78);
insert into video values('2017-01-05 06:51:08', '2017-01-05 07:08:08', 78);
insert into video values('2018-11-01 01:15:44', '2018-11-01 01:43:44', 78);
insert into video values('2017-03-02 05:26:29', '2017-03-02 05:42:29', 79);
insert into video values('2017-01-04 12:56:12', '2017-01-04 13:20:12', 79);
insert into video values('2017-01-28 19:11:14', '2017-01-28 19:38:14', 79);
insert into video values('2016-03-24 02:51:57', '2016-03-24 03:02:57', 79);
insert into video values('2016-05-12 20:28:52', '2016-05-12 20:54:52', 80);
insert into video values('2016-12-28 14:51:13', '2016-12-28 15:15:13', 80);
insert into video values('2018-09-11 15:00:16', '2018-09-11 15:17:16', 80);
insert into video values('2016-09-25 22:12:45', '2016-09-25 22:26:45', 80);
insert into video values('2017-08-02 10:23:29', '2017-08-02 10:46:29', 81);
insert into video values('2018-01-08 13:35:21', '2018-01-08 14:03:21', 81);
insert into video values('2017-05-09 06:53:51', '2017-05-09 07:07:51', 82);
insert into video values('2016-11-06 02:55:29', '2016-11-06 03:15:29', 82);
insert into video values('2017-10-30 06:00:13', '2017-10-30 06:18:13', 82);
insert into video values('2016-05-13 17:53:27', '2016-05-13 18:06:27', 83);
insert into video values('2016-10-13 09:22:08', '2016-10-13 09:52:08', 83);
insert into video values('2017-05-20 10:53:38', '2017-05-20 11:17:38', 83);
insert into video values('2017-08-09 21:31:52', '2017-08-09 21:46:52', 84);
insert into video values('2017-06-03 16:06:42', '2017-06-03 16:25:42', 84);
insert into video values('2016-05-15 03:31:52', '2016-05-15 03:51:52', 85);
insert into video values('2016-07-26 20:34:09', '2016-07-26 20:47:09', 85);
insert into video values('2017-12-13 05:29:57', '2017-12-13 05:53:57', 85);
insert into video values('2017-03-25 10:01:11', '2017-03-25 10:22:11', 85);
insert into video values('2017-07-08 21:47:28', '2017-07-08 22:05:28', 86);
insert into video values('2016-08-04 02:05:56', '2016-08-04 02:22:56', 86);
insert into video values('2016-02-10 14:24:06', '2016-02-10 14:50:06', 87);
insert into video values('2016-09-22 12:34:02', '2016-09-22 12:52:02', 87);
insert into video values('2016-05-07 03:38:59', '2016-05-07 03:59:59', 87);
insert into video values('2018-02-20 09:48:45', '2018-02-20 10:17:45', 87);
insert into video values('2016-04-13 17:31:30', '2016-04-13 17:52:30', 88);
insert into video values('2018-11-06 23:34:44', '2018-11-06 23:55:44', 88);
insert into video values('2016-06-14 06:44:49', '2016-06-14 07:00:49', 88);
insert into video values('2018-09-02 14:35:03', '2018-09-02 14:52:03', 88);
insert into video values('2016-12-14 11:27:09', '2016-12-14 11:39:09', 89);
insert into video values('2018-05-07 02:01:42', '2018-05-07 02:30:42', 89);
insert into video values('2017-02-23 10:36:10', '2017-02-23 10:54:10', 90);
insert into video values('2017-09-06 05:13:29', '2017-09-06 05:42:29', 90);
insert into video values('2017-03-26 16:45:09', '2017-03-26 17:06:09', 90);
insert into video values('2017-08-02 20:50:04', '2017-08-02 21:18:04', 90);
insert into video values('2018-08-03 11:27:51', '2018-08-03 11:39:51', 91);
insert into video values('2017-03-21 20:52:40', '2017-03-21 21:22:40', 91);
insert into video values('2017-03-29 07:26:57', '2017-03-29 07:37:57', 92);
insert into video values('2018-10-27 22:35:42', '2018-10-27 22:45:42', 92);
insert into video values('2018-08-03 09:25:22', '2018-08-03 09:47:22', 92);
insert into video values('2018-09-04 00:38:03', '2018-09-04 01:01:03', 92);
insert into video values('2018-10-25 04:41:42', '2018-10-25 04:52:42', 93);
insert into video values('2018-12-25 06:00:45', '2018-12-25 06:30:45', 93);
insert into video values('2018-03-25 05:23:16', '2018-03-25 05:38:16', 93);
insert into video values('2016-05-07 10:40:05', '2016-05-07 10:58:05', 93);
insert into video values('2017-09-06 10:34:07', '2017-09-06 10:53:07', 94);
insert into video values('2016-03-29 12:20:29', '2016-03-29 12:31:29', 94);
insert into video values('2018-08-18 21:41:20', '2018-08-18 22:02:20', 94);
insert into video values('2018-12-01 23:51:10', '2018-12-02 00:02:10', 94);
insert into video values('2017-09-21 17:34:03', '2017-09-21 17:47:03', 95);
insert into video values('2017-04-26 15:34:33', '2017-04-26 15:58:33', 95);
insert into video values('2016-01-16 11:34:37', '2016-01-16 11:47:37', 96);
insert into video values('2017-06-27 08:05:02', '2017-06-27 08:26:02', 96);
insert into video values('2016-10-23 14:12:32', '2016-10-23 14:22:32', 96);
insert into video values('2018-09-10 19:00:57', '2018-09-10 19:29:57', 96);
insert into video values('2016-08-27 07:41:39', '2016-08-27 07:52:39', 97);
insert into video values('2017-03-07 19:26:42', '2017-03-07 19:39:42', 97);
insert into video values('2018-01-31 14:56:32', '2018-01-31 15:22:32', 98);
insert into video values('2017-08-21 10:58:43', '2017-08-21 11:16:43', 98);
insert into video values('2018-01-18 01:46:07', '2018-01-18 01:59:07', 98);
insert into video values('2017-07-31 02:07:05', '2017-07-31 02:25:05', 98);
insert into video values('2016-08-29 05:28:00', '2016-08-29 05:55:00', 99);
insert into video values('2018-12-16 06:13:47', '2018-12-16 06:37:47', 99);
insert into video values('2017-06-18 12:59:54', '2017-06-18 13:29:54', 99);
insert into video values('2017-06-23 15:17:51', '2017-06-23 15:28:51', 99);
insert into video values('2016-07-17 10:54:53', '2016-07-17 11:09:53', 100);
insert into video values('2016-06-15 18:07:49', '2016-06-15 18:25:49', 100);
insert into video values('2017-07-11 08:34:12', '2017-07-11 09:04:12', 101);
insert into video values('2017-09-02 11:34:18', '2017-09-02 11:53:18', 101);
insert into video values('2018-02-21 08:29:19', '2018-02-21 08:42:19', 101);



insert into segmentoVideo values(0, 19, '2017-11-10 05:41:21', 0);
insert into segmentoVideo values(0, 19, '2016-08-04 19:07:06', 0);
insert into segmentoVideo values(0, 18, '2017-01-18 19:32:20', 1);
insert into segmentoVideo values(0, 2, '2018-10-09 03:49:08', 1);
insert into segmentoVideo values(1, 20, '2018-10-09 03:49:08', 1);
insert into segmentoVideo values(0, 22, '2016-06-24 08:45:16', 2);
insert into segmentoVideo values(0, 2, '2017-10-14 07:11:24', 2);
insert into segmentoVideo values(1, 8, '2017-10-14 07:11:24', 2);
insert into segmentoVideo values(0, 2, '2018-09-26 17:54:02', 2);
insert into segmentoVideo values(1, 15, '2018-09-26 17:54:02', 2);
insert into segmentoVideo values(0, 2, '2016-03-05 06:09:12', 2);
insert into segmentoVideo values(1, 14, '2016-03-05 06:09:12', 2);
insert into segmentoVideo values(0, 27, '2016-01-28 08:44:54', 3);
insert into segmentoVideo values(0, 2, '2018-05-20 10:11:30', 3);
insert into segmentoVideo values(1, 20, '2018-05-20 10:11:30', 3);
insert into segmentoVideo values(0, 20, '2017-09-19 21:05:17', 3);
insert into segmentoVideo values(0, 13, '2018-05-16 20:32:50', 3);
insert into segmentoVideo values(0, 16, '2017-06-14 17:44:39', 4);
insert into segmentoVideo values(0, 10, '2017-12-08 05:01:45', 4);
insert into segmentoVideo values(0, 22, '2017-02-02 06:17:14', 5);
insert into segmentoVideo values(0, 2, '2017-09-11 19:07:42', 5);
insert into segmentoVideo values(1, 17, '2017-09-11 19:07:42', 5);
insert into segmentoVideo values(0, 14, '2017-07-06 07:14:00', 5);
insert into segmentoVideo values(0, 2, '2018-03-25 03:07:13', 6);
insert into segmentoVideo values(1, 25, '2018-03-25 03:07:13', 6);
insert into segmentoVideo values(0, 2, '2016-04-24 11:48:17', 6);
insert into segmentoVideo values(1, 16, '2016-04-24 11:48:17', 6);
insert into segmentoVideo values(0, 18, '2016-08-16 05:18:03', 6);
insert into segmentoVideo values(0, 19, '2016-04-30 19:22:18', 7);
insert into segmentoVideo values(0, 2, '2018-07-22 18:36:19', 7);
insert into segmentoVideo values(1, 10, '2018-07-22 18:36:19', 7);
insert into segmentoVideo values(0, 30, '2017-01-05 05:54:23', 7);
insert into segmentoVideo values(0, 29, '2018-08-17 06:56:11', 7);
insert into segmentoVideo values(0, 17, '2018-01-21 09:57:49', 8);
insert into segmentoVideo values(0, 11, '2018-07-11 10:50:24', 8);
insert into segmentoVideo values(0, 2, '2017-04-15 01:06:04', 8);
insert into segmentoVideo values(1, 28, '2017-04-15 01:06:04', 8);
insert into segmentoVideo values(0, 19, '2018-03-06 16:58:33', 8);
insert into segmentoVideo values(0, 29, '2018-10-15 14:50:22', 9);
insert into segmentoVideo values(0, 26, '2017-07-28 06:02:25', 9);
insert into segmentoVideo values(0, 2, '2016-12-22 04:33:33', 10);
insert into segmentoVideo values(1, 10, '2016-12-22 04:33:33', 10);
insert into segmentoVideo values(0, 2, '2018-04-22 12:09:24', 10);
insert into segmentoVideo values(1, 14, '2018-04-22 12:09:24', 10);
insert into segmentoVideo values(0, 2, '2016-08-28 21:22:36', 11);
insert into segmentoVideo values(1, 21, '2016-08-28 21:22:36', 11);
insert into segmentoVideo values(0, 17, '2016-03-15 05:12:32', 11);
insert into segmentoVideo values(0, 2, '2018-03-14 15:04:03', 11);
insert into segmentoVideo values(1, 19, '2018-03-14 15:04:03', 11);
insert into segmentoVideo values(0, 2, '2016-07-15 23:27:30', 12);
insert into segmentoVideo values(1, 22, '2016-07-15 23:27:30', 12);
insert into segmentoVideo values(0, 2, '2016-01-30 22:00:00', 12);
insert into segmentoVideo values(1, 19, '2016-01-30 22:00:00', 12);
insert into segmentoVideo values(0, 2, '2018-04-25 06:09:36', 12);
insert into segmentoVideo values(1, 13, '2018-04-25 06:09:36', 12);
insert into segmentoVideo values(0, 11, '2018-06-07 02:38:37', 13);
insert into segmentoVideo values(0, 24, '2018-07-22 16:27:25', 13);
insert into segmentoVideo values(0, 2, '2017-03-24 11:56:54', 14);
insert into segmentoVideo values(1, 9, '2017-03-24 11:56:54', 14);
insert into segmentoVideo values(0, 2, '2018-11-14 11:49:48', 14);
insert into segmentoVideo values(1, 26, '2018-11-14 11:49:48', 14);
insert into segmentoVideo values(0, 2, '2017-07-07 06:47:27', 14);
insert into segmentoVideo values(1, 15, '2017-07-07 06:47:27', 14);
insert into segmentoVideo values(0, 2, '2017-01-23 20:29:21', 14);
insert into segmentoVideo values(1, 8, '2017-01-23 20:29:21', 14);
insert into segmentoVideo values(0, 16, '2018-02-15 05:22:23', 15);
insert into segmentoVideo values(0, 15, '2016-08-06 14:38:24', 15);
insert into segmentoVideo values(0, 27, '2016-01-06 08:49:24', 16);
insert into segmentoVideo values(0, 2, '2017-03-28 02:02:16', 16);
insert into segmentoVideo values(1, 19, '2017-03-28 02:02:16', 16);
insert into segmentoVideo values(0, 11, '2018-04-13 03:18:57', 16);
insert into segmentoVideo values(0, 2, '2016-11-19 19:48:33', 16);
insert into segmentoVideo values(1, 17, '2016-11-19 19:48:33', 16);
insert into segmentoVideo values(0, 2, '2017-06-03 05:18:38', 17);
insert into segmentoVideo values(1, 10, '2017-06-03 05:18:38', 17);
insert into segmentoVideo values(0, 14, '2017-03-04 23:32:19', 17);
insert into segmentoVideo values(0, 16, '2017-03-09 22:03:25', 17);
insert into segmentoVideo values(0, 26, '2017-02-17 15:45:20', 18);
insert into segmentoVideo values(0, 30, '2018-04-06 22:03:56', 18);
insert into segmentoVideo values(0, 12, '2018-03-30 06:41:45', 18);
insert into segmentoVideo values(0, 2, '2018-09-14 05:29:30', 19);
insert into segmentoVideo values(1, 20, '2018-09-14 05:29:30', 19);
insert into segmentoVideo values(0, 2, '2018-04-08 07:07:06', 19);
insert into segmentoVideo values(1, 12, '2018-04-08 07:07:06', 19);
insert into segmentoVideo values(0, 2, '2016-05-09 15:01:30', 19);
insert into segmentoVideo values(1, 23, '2016-05-09 15:01:30', 19);
insert into segmentoVideo values(0, 30, '2016-07-15 09:01:21', 19);
insert into segmentoVideo values(0, 2, '2018-02-26 03:52:07', 20);
insert into segmentoVideo values(1, 9, '2018-02-26 03:52:07', 20);
insert into segmentoVideo values(0, 17, '2016-12-19 19:41:17', 20);
insert into segmentoVideo values(0, 2, '2016-11-13 05:34:06', 21);
insert into segmentoVideo values(1, 14, '2016-11-13 05:34:06', 21);
insert into segmentoVideo values(0, 2, '2016-03-05 10:40:38', 21);
insert into segmentoVideo values(1, 26, '2016-03-05 10:40:38', 21);
insert into segmentoVideo values(0, 2, '2018-07-18 19:06:58', 21);
insert into segmentoVideo values(1, 23, '2018-07-18 19:06:58', 21);
insert into segmentoVideo values(0, 2, '2018-04-13 10:39:08', 21);
insert into segmentoVideo values(1, 27, '2018-04-13 10:39:08', 21);
insert into segmentoVideo values(0, 2, '2016-01-15 01:50:37', 22);
insert into segmentoVideo values(1, 17, '2016-01-15 01:50:37', 22);
insert into segmentoVideo values(0, 2, '2016-11-01 02:28:52', 22);
insert into segmentoVideo values(1, 21, '2016-11-01 02:28:52', 22);
insert into segmentoVideo values(0, 22, '2018-02-27 10:35:05', 22);
insert into segmentoVideo values(0, 2, '2016-01-16 05:54:53', 22);
insert into segmentoVideo values(1, 16, '2016-01-16 05:54:53', 22);
insert into segmentoVideo values(0, 13, '2018-12-29 08:48:53', 23);
insert into segmentoVideo values(0, 29, '2017-05-07 01:27:20', 23);
insert into segmentoVideo values(0, 2, '2018-08-01 20:10:13', 24);
insert into segmentoVideo values(1, 26, '2018-08-01 20:10:13', 24);
insert into segmentoVideo values(0, 2, '2018-11-07 07:31:46', 24);
insert into segmentoVideo values(1, 18, '2018-11-07 07:31:46', 24);
insert into segmentoVideo values(0, 2, '2017-11-13 17:38:02', 24);
insert into segmentoVideo values(1, 10, '2017-11-13 17:38:02', 24);
insert into segmentoVideo values(0, 2, '2017-11-11 10:37:03', 25);
insert into segmentoVideo values(1, 24, '2017-11-11 10:37:03', 25);
insert into segmentoVideo values(0, 2, '2017-07-27 12:56:06', 25);
insert into segmentoVideo values(1, 22, '2017-07-27 12:56:06', 25);
insert into segmentoVideo values(0, 2, '2016-05-26 14:52:11', 25);
insert into segmentoVideo values(1, 26, '2016-05-26 14:52:11', 25);
insert into segmentoVideo values(0, 2, '2018-11-25 07:17:34', 25);
insert into segmentoVideo values(1, 8, '2018-11-25 07:17:34', 25);
insert into segmentoVideo values(0, 17, '2016-02-08 10:59:40', 26);
insert into segmentoVideo values(0, 11, '2017-02-14 07:47:18', 26);
insert into segmentoVideo values(0, 2, '2018-09-30 04:18:13', 27);
insert into segmentoVideo values(1, 11, '2018-09-30 04:18:13', 27);
insert into segmentoVideo values(0, 27, '2018-02-13 16:16:29', 27);
insert into segmentoVideo values(0, 2, '2017-08-24 08:20:08', 27);
insert into segmentoVideo values(1, 18, '2017-08-24 08:20:08', 27);
insert into segmentoVideo values(0, 17, '2018-11-03 23:12:09', 28);
insert into segmentoVideo values(0, 18, '2016-08-20 18:56:34', 28);
insert into segmentoVideo values(0, 26, '2017-01-16 05:56:20', 28);
insert into segmentoVideo values(0, 2, '2018-07-15 03:35:39', 29);
insert into segmentoVideo values(1, 23, '2018-07-15 03:35:39', 29);
insert into segmentoVideo values(0, 2, '2017-01-19 23:14:40', 29);
insert into segmentoVideo values(1, 10, '2017-01-19 23:14:40', 29);
insert into segmentoVideo values(0, 2, '2018-07-05 07:59:22', 29);
insert into segmentoVideo values(1, 21, '2018-07-05 07:59:22', 29);
insert into segmentoVideo values(0, 24, '2018-03-22 09:41:46', 29);
insert into segmentoVideo values(0, 2, '2018-09-23 06:20:28', 30);
insert into segmentoVideo values(1, 25, '2018-09-23 06:20:28', 30);
insert into segmentoVideo values(0, 10, '2016-02-15 14:22:38', 30);
insert into segmentoVideo values(0, 2, '2018-12-22 00:13:25', 31);
insert into segmentoVideo values(1, 19, '2018-12-22 00:13:25', 31);
insert into segmentoVideo values(0, 10, '2016-06-27 08:29:23', 31);
insert into segmentoVideo values(0, 2, '2016-11-05 01:06:53', 32);
insert into segmentoVideo values(1, 27, '2016-11-05 01:06:53', 32);
insert into segmentoVideo values(0, 21, '2017-10-15 00:19:16', 32);
insert into segmentoVideo values(0, 2, '2017-05-27 15:56:52', 32);
insert into segmentoVideo values(1, 12, '2017-05-27 15:56:52', 32);
insert into segmentoVideo values(0, 2, '2016-01-22 22:57:35', 33);
insert into segmentoVideo values(1, 15, '2016-01-22 22:57:35', 33);
insert into segmentoVideo values(0, 12, '2016-05-21 08:42:06', 33);
insert into segmentoVideo values(0, 2, '2018-02-10 16:57:25', 34);
insert into segmentoVideo values(1, 12, '2018-02-10 16:57:25', 34);
insert into segmentoVideo values(0, 16, '2017-10-02 01:18:00', 34);
insert into segmentoVideo values(0, 11, '2018-06-19 00:08:27', 35);
insert into segmentoVideo values(0, 30, '2016-08-20 04:57:00', 35);
insert into segmentoVideo values(0, 2, '2016-02-20 17:38:34', 35);
insert into segmentoVideo values(1, 23, '2016-02-20 17:38:34', 35);
insert into segmentoVideo values(0, 12, '2018-10-02 14:34:54', 35);
insert into segmentoVideo values(0, 15, '2017-01-30 05:31:46', 36);
insert into segmentoVideo values(0, 26, '2017-01-15 02:45:40', 36);
insert into segmentoVideo values(0, 20, '2018-06-04 19:31:18', 36);
insert into segmentoVideo values(0, 30, '2017-04-16 09:26:02', 36);
insert into segmentoVideo values(0, 10, '2016-07-17 02:57:43', 37);
insert into segmentoVideo values(0, 2, '2018-01-01 16:06:15', 37);
insert into segmentoVideo values(1, 20, '2018-01-01 16:06:15', 37);
insert into segmentoVideo values(0, 15, '2018-07-11 10:49:51', 37);
insert into segmentoVideo values(0, 12, '2018-11-16 12:07:14', 38);
insert into segmentoVideo values(0, 2, '2018-10-29 22:42:19', 38);
insert into segmentoVideo values(1, 25, '2018-10-29 22:42:19', 38);
insert into segmentoVideo values(0, 18, '2016-08-29 18:14:06', 39);
insert into segmentoVideo values(0, 2, '2016-11-27 17:47:43', 39);
insert into segmentoVideo values(1, 28, '2016-11-27 17:47:43', 39);
insert into segmentoVideo values(0, 2, '2016-11-15 11:40:54', 39);
insert into segmentoVideo values(1, 23, '2016-11-15 11:40:54', 39);
insert into segmentoVideo values(0, 2, '2016-04-25 12:14:20', 40);
insert into segmentoVideo values(1, 27, '2016-04-25 12:14:20', 40);
insert into segmentoVideo values(0, 2, '2017-04-21 06:54:42', 40);
insert into segmentoVideo values(1, 17, '2017-04-21 06:54:42', 40);
insert into segmentoVideo values(0, 19, '2017-08-22 01:29:52', 40);
insert into segmentoVideo values(0, 2, '2017-03-15 10:38:59', 41);
insert into segmentoVideo values(1, 16, '2017-03-15 10:38:59', 41);
insert into segmentoVideo values(0, 2, '2016-09-18 01:52:02', 41);
insert into segmentoVideo values(1, 22, '2016-09-18 01:52:02', 41);
insert into segmentoVideo values(0, 30, '2016-07-30 06:12:00', 42);
insert into segmentoVideo values(0, 2, '2016-07-19 13:10:59', 42);
insert into segmentoVideo values(1, 14, '2016-07-19 13:10:59', 42);
insert into segmentoVideo values(0, 2, '2016-11-17 07:09:07', 42);
insert into segmentoVideo values(1, 23, '2016-11-17 07:09:07', 42);
insert into segmentoVideo values(0, 17, '2016-08-24 08:29:29', 43);
insert into segmentoVideo values(0, 15, '2018-08-16 05:35:51', 43);
insert into segmentoVideo values(0, 13, '2016-05-19 05:28:24', 43);
insert into segmentoVideo values(0, 12, '2017-02-25 20:52:21', 43);
insert into segmentoVideo values(0, 25, '2017-04-13 16:32:52', 44);
insert into segmentoVideo values(0, 14, '2016-10-14 23:01:17', 44);
insert into segmentoVideo values(0, 2, '2016-11-07 17:02:44', 44);
insert into segmentoVideo values(1, 10, '2016-11-07 17:02:44', 44);
insert into segmentoVideo values(0, 2, '2018-10-14 18:54:35', 45);
insert into segmentoVideo values(1, 18, '2018-10-14 18:54:35', 45);
insert into segmentoVideo values(0, 2, '2018-08-06 04:33:23', 45);
insert into segmentoVideo values(1, 8, '2018-08-06 04:33:23', 45);
insert into segmentoVideo values(0, 2, '2018-07-02 09:17:51', 45);
insert into segmentoVideo values(1, 24, '2018-07-02 09:17:51', 45);
insert into segmentoVideo values(0, 10, '2018-12-01 21:01:37', 45);
insert into segmentoVideo values(0, 2, '2017-02-05 08:53:18', 46);
insert into segmentoVideo values(1, 27, '2017-02-05 08:53:18', 46);
insert into segmentoVideo values(0, 18, '2018-11-15 15:10:02', 46);
insert into segmentoVideo values(0, 24, '2016-10-19 16:30:26', 46);
insert into segmentoVideo values(0, 2, '2018-11-20 13:45:15', 46);
insert into segmentoVideo values(1, 11, '2018-11-20 13:45:15', 46);
insert into segmentoVideo values(0, 15, '2017-11-25 05:51:19', 47);
insert into segmentoVideo values(0, 2, '2018-04-29 01:09:14', 47);
insert into segmentoVideo values(1, 15, '2018-04-29 01:09:14', 47);
insert into segmentoVideo values(0, 2, '2017-11-08 03:16:46', 47);
insert into segmentoVideo values(1, 23, '2017-11-08 03:16:46', 47);
insert into segmentoVideo values(0, 2, '2018-07-07 20:00:31', 48);
insert into segmentoVideo values(1, 11, '2018-07-07 20:00:31', 48);
insert into segmentoVideo values(0, 2, '2016-02-15 08:14:58', 48);
insert into segmentoVideo values(1, 17, '2016-02-15 08:14:58', 48);
insert into segmentoVideo values(0, 2, '2018-03-31 17:49:41', 48);
insert into segmentoVideo values(1, 10, '2018-03-31 17:49:41', 48);
insert into segmentoVideo values(0, 2, '2016-10-09 01:40:57', 49);
insert into segmentoVideo values(1, 27, '2016-10-09 01:40:57', 49);
insert into segmentoVideo values(0, 2, '2017-01-29 16:49:54', 49);
insert into segmentoVideo values(1, 16, '2017-01-29 16:49:54', 49);
insert into segmentoVideo values(0, 2, '2016-08-02 18:04:32', 50);
insert into segmentoVideo values(1, 28, '2016-08-02 18:04:32', 50);
insert into segmentoVideo values(0, 16, '2017-05-19 20:02:44', 50);
insert into segmentoVideo values(0, 2, '2017-10-16 21:19:06', 50);
insert into segmentoVideo values(1, 27, '2017-10-16 21:19:06', 50);
insert into segmentoVideo values(0, 25, '2016-08-28 15:09:38', 50);
insert into segmentoVideo values(0, 2, '2018-05-28 11:15:45', 51);
insert into segmentoVideo values(1, 15, '2018-05-28 11:15:45', 51);
insert into segmentoVideo values(0, 2, '2017-11-07 18:58:06', 51);
insert into segmentoVideo values(1, 13, '2017-11-07 18:58:06', 51);
insert into segmentoVideo values(0, 13, '2017-06-01 18:32:56', 51);
insert into segmentoVideo values(0, 16, '2016-03-11 13:55:26', 52);
insert into segmentoVideo values(0, 29, '2016-02-26 04:45:25', 52);
insert into segmentoVideo values(0, 2, '2016-12-08 15:39:28', 52);
insert into segmentoVideo values(1, 12, '2016-12-08 15:39:28', 52);
insert into segmentoVideo values(0, 13, '2018-10-14 05:17:53', 52);
insert into segmentoVideo values(0, 27, '2017-12-29 22:50:28', 53);
insert into segmentoVideo values(0, 2, '2016-05-07 15:41:01', 53);
insert into segmentoVideo values(1, 16, '2016-05-07 15:41:01', 53);
insert into segmentoVideo values(0, 2, '2018-09-10 08:01:00', 53);
insert into segmentoVideo values(1, 21, '2018-09-10 08:01:00', 53);
insert into segmentoVideo values(0, 10, '2016-02-19 15:21:39', 53);
insert into segmentoVideo values(0, 2, '2017-04-07 17:03:54', 54);
insert into segmentoVideo values(1, 10, '2017-04-07 17:03:54', 54);
insert into segmentoVideo values(0, 30, '2017-04-29 14:46:02', 54);
insert into segmentoVideo values(0, 22, '2017-01-28 17:13:10', 54);
insert into segmentoVideo values(0, 2, '2017-06-12 06:33:47', 55);
insert into segmentoVideo values(1, 25, '2017-06-12 06:33:47', 55);
insert into segmentoVideo values(0, 2, '2018-01-16 02:12:23', 55);
insert into segmentoVideo values(1, 15, '2018-01-16 02:12:23', 55);
insert into segmentoVideo values(0, 2, '2016-10-14 14:54:37', 55);
insert into segmentoVideo values(1, 12, '2016-10-14 14:54:37', 55);
insert into segmentoVideo values(0, 29, '2017-05-07 23:02:02', 55);
insert into segmentoVideo values(0, 2, '2017-03-12 02:33:28', 56);
insert into segmentoVideo values(1, 19, '2017-03-12 02:33:28', 56);
insert into segmentoVideo values(0, 2, '2016-07-06 19:32:12', 56);
insert into segmentoVideo values(1, 23, '2016-07-06 19:32:12', 56);
insert into segmentoVideo values(0, 22, '2017-02-23 08:30:11', 56);
insert into segmentoVideo values(0, 13, '2018-06-09 19:37:44', 56);
insert into segmentoVideo values(0, 19, '2017-08-14 20:08:04', 57);
insert into segmentoVideo values(0, 20, '2017-09-03 20:03:53', 57);
insert into segmentoVideo values(0, 2, '2016-12-29 20:08:11', 57);
insert into segmentoVideo values(1, 15, '2016-12-29 20:08:11', 57);
insert into segmentoVideo values(0, 24, '2017-05-30 12:56:26', 57);
insert into segmentoVideo values(0, 2, '2016-07-10 02:46:45', 58);
insert into segmentoVideo values(1, 15, '2016-07-10 02:46:45', 58);
insert into segmentoVideo values(0, 2, '2016-03-30 15:26:08', 58);
insert into segmentoVideo values(1, 21, '2016-03-30 15:26:08', 58);
insert into segmentoVideo values(0, 30, '2017-01-12 06:57:38', 58);
insert into segmentoVideo values(0, 28, '2018-08-21 20:51:22', 59);
insert into segmentoVideo values(0, 2, '2018-11-07 02:56:35', 59);
insert into segmentoVideo values(1, 18, '2018-11-07 02:56:35', 59);
insert into segmentoVideo values(0, 2, '2018-02-16 11:49:54', 59);
insert into segmentoVideo values(1, 11, '2018-02-16 11:49:54', 59);
insert into segmentoVideo values(0, 25, '2016-09-17 17:11:41', 60);
insert into segmentoVideo values(0, 2, '2017-04-22 17:01:43', 60);
insert into segmentoVideo values(1, 24, '2017-04-22 17:01:43', 60);
insert into segmentoVideo values(0, 12, '2017-02-18 06:13:42', 60);
insert into segmentoVideo values(0, 21, '2017-11-04 13:11:03', 60);
insert into segmentoVideo values(0, 2, '2017-11-06 12:41:11', 61);
insert into segmentoVideo values(1, 24, '2017-11-06 12:41:11', 61);
insert into segmentoVideo values(0, 14, '2017-10-08 12:15:12', 61);
insert into segmentoVideo values(0, 11, '2016-12-06 16:20:04', 61);
insert into segmentoVideo values(0, 2, '2018-10-17 07:54:26', 61);
insert into segmentoVideo values(1, 22, '2018-10-17 07:54:26', 61);
insert into segmentoVideo values(0, 2, '2017-05-07 11:25:18', 62);
insert into segmentoVideo values(1, 27, '2017-05-07 11:25:18', 62);
insert into segmentoVideo values(0, 13, '2018-01-13 09:02:14', 62);
insert into segmentoVideo values(0, 2, '2016-05-13 22:59:55', 63);
insert into segmentoVideo values(1, 10, '2016-05-13 22:59:55', 63);
insert into segmentoVideo values(0, 2, '2018-01-20 16:30:58', 63);
insert into segmentoVideo values(1, 22, '2018-01-20 16:30:58', 63);
insert into segmentoVideo values(0, 2, '2017-06-24 04:03:16', 63);
insert into segmentoVideo values(1, 20, '2017-06-24 04:03:16', 63);
insert into segmentoVideo values(0, 2, '2018-04-06 07:08:22', 63);
insert into segmentoVideo values(1, 8, '2018-04-06 07:08:22', 63);
insert into segmentoVideo values(0, 2, '2016-08-03 02:11:28', 64);
insert into segmentoVideo values(1, 9, '2016-08-03 02:11:28', 64);
insert into segmentoVideo values(0, 19, '2016-12-02 11:06:23', 64);
insert into segmentoVideo values(0, 24, '2017-05-09 12:52:00', 64);
insert into segmentoVideo values(0, 2, '2017-07-30 13:33:10', 65);
insert into segmentoVideo values(1, 24, '2017-07-30 13:33:10', 65);
insert into segmentoVideo values(0, 19, '2016-09-23 16:54:41', 65);
insert into segmentoVideo values(0, 21, '2018-07-25 10:28:54', 66);
insert into segmentoVideo values(0, 30, '2017-01-11 18:00:04', 66);
insert into segmentoVideo values(0, 2, '2018-01-27 05:40:50', 67);
insert into segmentoVideo values(1, 19, '2018-01-27 05:40:50', 67);
insert into segmentoVideo values(0, 2, '2018-04-03 03:09:33', 67);
insert into segmentoVideo values(1, 19, '2018-04-03 03:09:33', 67);
insert into segmentoVideo values(0, 2, '2016-01-19 10:34:46', 68);
insert into segmentoVideo values(1, 26, '2016-01-19 10:34:46', 68);
insert into segmentoVideo values(0, 2, '2018-09-15 20:25:06', 68);
insert into segmentoVideo values(1, 16, '2018-09-15 20:25:06', 68);
insert into segmentoVideo values(0, 15, '2016-02-13 08:18:51', 68);
insert into segmentoVideo values(0, 17, '2017-01-09 18:50:23', 69);
insert into segmentoVideo values(0, 2, '2018-08-06 03:13:28', 69);
insert into segmentoVideo values(1, 21, '2018-08-06 03:13:28', 69);
insert into segmentoVideo values(0, 2, '2016-01-26 22:06:10', 70);
insert into segmentoVideo values(1, 20, '2016-01-26 22:06:10', 70);
insert into segmentoVideo values(0, 26, '2018-06-28 17:46:45', 70);
insert into segmentoVideo values(0, 15, '2016-07-08 03:13:31', 70);
insert into segmentoVideo values(0, 23, '2016-12-22 04:11:48', 70);
insert into segmentoVideo values(0, 2, '2017-09-23 19:47:49', 71);
insert into segmentoVideo values(1, 10, '2017-09-23 19:47:49', 71);
insert into segmentoVideo values(0, 2, '2016-06-19 00:09:01', 71);
insert into segmentoVideo values(1, 26, '2016-06-19 00:09:01', 71);
insert into segmentoVideo values(0, 2, '2016-03-29 07:15:44', 71);
insert into segmentoVideo values(1, 20, '2016-03-29 07:15:44', 71);
insert into segmentoVideo values(0, 2, '2018-05-04 17:25:42', 71);
insert into segmentoVideo values(1, 23, '2018-05-04 17:25:42', 71);
insert into segmentoVideo values(0, 16, '2017-12-20 04:33:30', 72);
insert into segmentoVideo values(0, 19, '2017-12-02 16:19:47', 72);
insert into segmentoVideo values(0, 2, '2016-11-22 21:14:52', 72);
insert into segmentoVideo values(1, 8, '2016-11-22 21:14:52', 72);
insert into segmentoVideo values(0, 25, '2017-02-16 12:19:27', 72);
insert into segmentoVideo values(0, 16, '2018-07-06 15:58:15', 73);
insert into segmentoVideo values(0, 2, '2018-03-29 02:35:32', 73);
insert into segmentoVideo values(1, 19, '2018-03-29 02:35:32', 73);
insert into segmentoVideo values(0, 2, '2018-06-08 02:26:50', 73);
insert into segmentoVideo values(1, 21, '2018-06-08 02:26:50', 73);
insert into segmentoVideo values(0, 19, '2017-05-16 07:17:15', 73);
insert into segmentoVideo values(0, 2, '2017-11-12 22:55:17', 74);
insert into segmentoVideo values(1, 20, '2017-11-12 22:55:17', 74);
insert into segmentoVideo values(0, 2, '2018-07-24 08:57:06', 74);
insert into segmentoVideo values(1, 12, '2018-07-24 08:57:06', 74);
insert into segmentoVideo values(0, 18, '2018-01-15 16:44:54', 74);
insert into segmentoVideo values(0, 2, '2017-04-10 21:43:49', 74);
insert into segmentoVideo values(1, 17, '2017-04-10 21:43:49', 74);
insert into segmentoVideo values(0, 14, '2018-05-06 07:59:13', 75);
insert into segmentoVideo values(0, 2, '2017-12-01 11:12:00', 75);
insert into segmentoVideo values(1, 18, '2017-12-01 11:12:00', 75);
insert into segmentoVideo values(0, 2, '2016-10-28 14:41:33', 75);
insert into segmentoVideo values(1, 17, '2016-10-28 14:41:33', 75);
insert into segmentoVideo values(0, 14, '2017-02-18 19:26:23', 75);
insert into segmentoVideo values(0, 11, '2018-12-17 15:36:38', 76);
insert into segmentoVideo values(0, 12, '2017-08-23 11:08:52', 76);
insert into segmentoVideo values(0, 24, '2016-12-30 02:14:35', 76);
insert into segmentoVideo values(0, 2, '2016-06-28 22:32:20', 77);
insert into segmentoVideo values(1, 20, '2016-06-28 22:32:20', 77);
insert into segmentoVideo values(0, 13, '2016-05-05 20:50:21', 77);
insert into segmentoVideo values(0, 2, '2018-12-17 23:01:22', 77);
insert into segmentoVideo values(1, 22, '2018-12-17 23:01:22', 77);
insert into segmentoVideo values(0, 2, '2018-10-15 01:51:18', 77);
insert into segmentoVideo values(1, 21, '2018-10-15 01:51:18', 77);
insert into segmentoVideo values(0, 2, '2018-05-02 01:48:01', 78);
insert into segmentoVideo values(1, 17, '2018-05-02 01:48:01', 78);
insert into segmentoVideo values(0, 2, '2017-01-15 20:45:40', 78);
insert into segmentoVideo values(1, 18, '2017-01-15 20:45:40', 78);
insert into segmentoVideo values(0, 2, '2017-01-05 06:51:08', 78);
insert into segmentoVideo values(1, 15, '2017-01-05 06:51:08', 78);
insert into segmentoVideo values(0, 2, '2018-11-01 01:15:44', 78);
insert into segmentoVideo values(1, 26, '2018-11-01 01:15:44', 78);
insert into segmentoVideo values(0, 16, '2017-03-02 05:26:29', 79);
insert into segmentoVideo values(0, 24, '2017-01-04 12:56:12', 79);
insert into segmentoVideo values(0, 2, '2017-01-28 19:11:14', 79);
insert into segmentoVideo values(1, 25, '2017-01-28 19:11:14', 79);
insert into segmentoVideo values(0, 2, '2016-03-24 02:51:57', 79);
insert into segmentoVideo values(1, 9, '2016-03-24 02:51:57', 79);
insert into segmentoVideo values(0, 26, '2016-05-12 20:28:52', 80);
insert into segmentoVideo values(0, 24, '2016-12-28 14:51:13', 80);
insert into segmentoVideo values(0, 2, '2018-09-11 15:00:16', 80);
insert into segmentoVideo values(1, 15, '2018-09-11 15:00:16', 80);
insert into segmentoVideo values(0, 14, '2016-09-25 22:12:45', 80);
insert into segmentoVideo values(0, 23, '2017-08-02 10:23:29', 81);
insert into segmentoVideo values(0, 2, '2018-01-08 13:35:21', 81);
insert into segmentoVideo values(1, 26, '2018-01-08 13:35:21', 81);
insert into segmentoVideo values(0, 2, '2017-05-09 06:53:51', 82);
insert into segmentoVideo values(1, 12, '2017-05-09 06:53:51', 82);
insert into segmentoVideo values(0, 2, '2016-11-06 02:55:29', 82);
insert into segmentoVideo values(1, 18, '2016-11-06 02:55:29', 82);
insert into segmentoVideo values(0, 2, '2017-10-30 06:00:13', 82);
insert into segmentoVideo values(1, 16, '2017-10-30 06:00:13', 82);
insert into segmentoVideo values(0, 13, '2016-05-13 17:53:27', 83);
insert into segmentoVideo values(0, 30, '2016-10-13 09:22:08', 83);
insert into segmentoVideo values(0, 2, '2017-05-20 10:53:38', 83);
insert into segmentoVideo values(1, 22, '2017-05-20 10:53:38', 83);
insert into segmentoVideo values(0, 2, '2017-08-09 21:31:52', 84);
insert into segmentoVideo values(1, 13, '2017-08-09 21:31:52', 84);
insert into segmentoVideo values(0, 2, '2017-06-03 16:06:42', 84);
insert into segmentoVideo values(1, 17, '2017-06-03 16:06:42', 84);
insert into segmentoVideo values(0, 20, '2016-05-15 03:31:52', 85);
insert into segmentoVideo values(0, 13, '2016-07-26 20:34:09', 85);
insert into segmentoVideo values(0, 24, '2017-12-13 05:29:57', 85);
insert into segmentoVideo values(0, 2, '2017-03-25 10:01:11', 85);
insert into segmentoVideo values(1, 19, '2017-03-25 10:01:11', 85);
insert into segmentoVideo values(0, 18, '2017-07-08 21:47:28', 86);
insert into segmentoVideo values(0, 2, '2016-08-04 02:05:56', 86);
insert into segmentoVideo values(1, 15, '2016-08-04 02:05:56', 86);
insert into segmentoVideo values(0, 2, '2016-02-10 14:24:06', 87);
insert into segmentoVideo values(1, 24, '2016-02-10 14:24:06', 87);
insert into segmentoVideo values(0, 18, '2016-09-22 12:34:02', 87);
insert into segmentoVideo values(0, 21, '2016-05-07 03:38:59', 87);
insert into segmentoVideo values(0, 2, '2018-02-20 09:48:45', 87);
insert into segmentoVideo values(1, 27, '2018-02-20 09:48:45', 87);
insert into segmentoVideo values(0, 2, '2016-04-13 17:31:30', 88);
insert into segmentoVideo values(1, 19, '2016-04-13 17:31:30', 88);
insert into segmentoVideo values(0, 21, '2018-11-06 23:34:44', 88);
insert into segmentoVideo values(0, 16, '2016-06-14 06:44:49', 88);
insert into segmentoVideo values(0, 17, '2018-09-02 14:35:03', 88);
insert into segmentoVideo values(0, 2, '2016-12-14 11:27:09', 89);
insert into segmentoVideo values(1, 10, '2016-12-14 11:27:09', 89);
insert into segmentoVideo values(0, 2, '2018-05-07 02:01:42', 89);
insert into segmentoVideo values(1, 27, '2018-05-07 02:01:42', 89);
insert into segmentoVideo values(0, 18, '2017-02-23 10:36:10', 90);
insert into segmentoVideo values(0, 29, '2017-09-06 05:13:29', 90);
insert into segmentoVideo values(0, 2, '2017-03-26 16:45:09', 90);
insert into segmentoVideo values(1, 19, '2017-03-26 16:45:09', 90);
insert into segmentoVideo values(0, 2, '2017-08-02 20:50:04', 90);
insert into segmentoVideo values(1, 26, '2017-08-02 20:50:04', 90);
insert into segmentoVideo values(0, 12, '2018-08-03 11:27:51', 91);
insert into segmentoVideo values(0, 2, '2017-03-21 20:52:40', 91);
insert into segmentoVideo values(1, 28, '2017-03-21 20:52:40', 91);
insert into segmentoVideo values(0, 2, '2017-03-29 07:26:57', 92);
insert into segmentoVideo values(1, 9, '2017-03-29 07:26:57', 92);
insert into segmentoVideo values(0, 2, '2018-10-27 22:35:42', 92);
insert into segmentoVideo values(1, 8, '2018-10-27 22:35:42', 92);
insert into segmentoVideo values(0, 2, '2018-08-03 09:25:22', 92);
insert into segmentoVideo values(1, 20, '2018-08-03 09:25:22', 92);
insert into segmentoVideo values(0, 2, '2018-09-04 00:38:03', 92);
insert into segmentoVideo values(1, 21, '2018-09-04 00:38:03', 92);
insert into segmentoVideo values(0, 2, '2018-10-25 04:41:42', 93);
insert into segmentoVideo values(1, 9, '2018-10-25 04:41:42', 93);
insert into segmentoVideo values(0, 2, '2018-12-25 06:00:45', 93);
insert into segmentoVideo values(1, 28, '2018-12-25 06:00:45', 93);
insert into segmentoVideo values(0, 15, '2018-03-25 05:23:16', 93);
insert into segmentoVideo values(0, 18, '2016-05-07 10:40:05', 93);
insert into segmentoVideo values(0, 19, '2017-09-06 10:34:07', 94);
insert into segmentoVideo values(0, 2, '2016-03-29 12:20:29', 94);
insert into segmentoVideo values(1, 9, '2016-03-29 12:20:29', 94);
insert into segmentoVideo values(0, 21, '2018-08-18 21:41:20', 94);
insert into segmentoVideo values(0, 11, '2018-12-01 23:51:10', 94);
insert into segmentoVideo values(0, 13, '2017-09-21 17:34:03', 95);
insert into segmentoVideo values(0, 24, '2017-04-26 15:34:33', 95);
insert into segmentoVideo values(0, 2, '2016-01-16 11:34:37', 96);
insert into segmentoVideo values(1, 11, '2016-01-16 11:34:37', 96);
insert into segmentoVideo values(0, 21, '2017-06-27 08:05:02', 96);
insert into segmentoVideo values(0, 2, '2016-10-23 14:12:32', 96);
insert into segmentoVideo values(1, 8, '2016-10-23 14:12:32', 96);
insert into segmentoVideo values(0, 29, '2018-09-10 19:00:57', 96);
insert into segmentoVideo values(0, 11, '2016-08-27 07:41:39', 97);
insert into segmentoVideo values(0, 13, '2017-03-07 19:26:42', 97);
insert into segmentoVideo values(0, 2, '2018-01-31 14:56:32', 98);
insert into segmentoVideo values(1, 24, '2018-01-31 14:56:32', 98);
insert into segmentoVideo values(0, 2, '2017-08-21 10:58:43', 98);
insert into segmentoVideo values(1, 16, '2017-08-21 10:58:43', 98);
insert into segmentoVideo values(0, 13, '2018-01-18 01:46:07', 98);
insert into segmentoVideo values(0, 2, '2017-07-31 02:07:05', 98);
insert into segmentoVideo values(1, 16, '2017-07-31 02:07:05', 98);
insert into segmentoVideo values(0, 2, '2016-08-29 05:28:00', 99);
insert into segmentoVideo values(1, 25, '2016-08-29 05:28:00', 99);
insert into segmentoVideo values(0, 2, '2018-12-16 06:13:47', 99);
insert into segmentoVideo values(1, 22, '2018-12-16 06:13:47', 99);
insert into segmentoVideo values(0, 30, '2017-06-18 12:59:54', 99);
insert into segmentoVideo values(0, 2, '2017-06-23 15:17:51', 99);
insert into segmentoVideo values(1, 9, '2017-06-23 15:17:51', 99);
insert into segmentoVideo values(0, 2, '2016-07-17 10:54:53', 100);
insert into segmentoVideo values(1, 13, '2016-07-17 10:54:53', 100);
insert into segmentoVideo values(0, 2, '2016-06-15 18:07:49', 100);
insert into segmentoVideo values(1, 16, '2016-06-15 18:07:49', 100);
insert into segmentoVideo values(0, 2, '2017-07-11 08:34:12', 101);
insert into segmentoVideo values(1, 28, '2017-07-11 08:34:12', 101);
insert into segmentoVideo values(0, 2, '2017-09-02 11:34:18', 101);
insert into segmentoVideo values(1, 17, '2017-09-02 11:34:18', 101);
insert into segmentoVideo values(0, 2, '2018-02-21 08:29:19', 101);
insert into segmentoVideo values(1, 11, '2018-02-21 08:29:19', 101);



insert into local values('Portimo');
insert into local values('Vila Real');
insert into local values('Bragana');
insert into local values('Viana do Castelo');
insert into local values('Alcobaa');
insert into local values('Sintra');
insert into local values('Funchal');
insert into local values('Portalegre');
insert into local values('Aveiro');
insert into local values('Almada');
insert into local values('Barreiro');
insert into local values('Cartaxo');
insert into local values('Elvas');
insert into local values('Chaves');
insert into local values('Ftima');
insert into local values('Espinho');
insert into local values('Guarda');
insert into local values('Gouveia');
insert into local values('Fundo');
insert into local values('Leiria');
insert into local values('Maia');
insert into local values('Loures');
insert into local values('Moura');
insert into local values('Mirandela');
insert into local values('Penafiel');
insert into local values('Pinhel');
insert into local values('Praia da Vitria');
insert into local values('Queluz');
insert into local values('Ribeira Grande');
insert into local values('Santana');
insert into local values('Santa Cruz');
insert into local values('Seia');
insert into local values('So Pedro do Sul');
insert into local values('Tomar');
insert into local values('Tavira');
insert into local values('Trancoso');
insert into local values('Trofa');
insert into local values('Lisboa');
insert into local values('Porto');
insert into local values('Braga');
insert into local values('Coimbra');
insert into local values('Amadora');
insert into local values('Vila Nova de Gaia');
insert into local values('Setbal');
insert into local values('Beja');
insert into local values('vora');
insert into local values('Faro');
insert into local values('Sines');
insert into local values('Monchique');
insert into local values('Viseu');
insert into local values('Montijo');
insert into local values('Alcochete');
insert into local values('Oliveira do Hospital');
insert into local values('Albufeira');
insert into local values('Olho');
insert into local values('Redondo');
insert into local values('Vila das Aves');
insert into local values('Abrantes');
insert into local values('gueda');
insert into local values('Alccer do Sal');
insert into local values('Alfena');
insert into local values('Costa da Caparica');
insert into local values('Esmoriz');
insert into local values('Estarreja');
insert into local values('Fafe');
insert into local values('Santo Andr');
insert into local values('Felgueiras');
insert into local values('Gondomar');
insert into local values('Nazar');
insert into local values('Horta');
insert into local values('Lagoa');
insert into local values('Lagos');
insert into local values('Sagres');
insert into local values('Loul');
insert into local values('Castro Daire');
insert into local values('Marco de Canavezes');
insert into local values('Montemor-o-Novo');
insert into local values('Ovar');
insert into local values('Peniche');
insert into local values('Ericeira');
insert into local values('Pombal');
insert into local values('Cascais');
insert into local values('Rio Maior');
insert into local values('Sabugal');
insert into local values('Santo Tirso');
insert into local values('Seixal');
insert into local values('Silves');
insert into local values('Tondela');
insert into local values('Valongo');
insert into local values('Vizela');
insert into local values('lhavo');
insert into local values('Lamego');
insert into local values('Lixa');
insert into local values('Lourosa');
insert into local values('Macedo de Cavaleiros');
insert into local values('Machico');
insert into local values('Mes');
insert into local values('Alvor');
insert into local values('Arcozelo');
insert into local values('Coina');
insert into local values('Marzovelos');
insert into local values('Pvoa de Varzim');



insert into vigia values('Seia', 0);
insert into vigia values('gueda', 1);
insert into vigia values('Portalegre', 2);
insert into vigia values('Macedo de Cavaleiros', 3);
insert into vigia values('Macedo de Cavaleiros', 4);
insert into vigia values('Trancoso', 5);
insert into vigia values('Macedo de Cavaleiros', 6);
insert into vigia values('Leiria', 7);
insert into vigia values('Lourosa', 8);
insert into vigia values('Redondo', 9);
insert into vigia values('Gondomar', 10);
insert into vigia values('Bragana', 11);
insert into vigia values('Mirandela', 12);
insert into vigia values('Almada', 13);
insert into vigia values('Ovar', 14);
insert into vigia values('Pvoa de Varzim', 15);
insert into vigia values('Tomar', 16);
insert into vigia values('Beja', 17);
insert into vigia values('Felgueiras', 18);
insert into vigia values('Ericeira', 19);
insert into vigia values('Chaves', 20);
insert into vigia values('Guarda', 21);
insert into vigia values('Trofa', 22);
insert into vigia values('Marzovelos', 23);
insert into vigia values('Vizela', 24);
insert into vigia values('Coina', 25);
insert into vigia values('Rio Maior', 26);
insert into vigia values('Porto', 27);
insert into vigia values('Costa da Caparica', 28);
insert into vigia values('Trofa', 29);
insert into vigia values('lhavo', 30);
insert into vigia values('Almada', 31);
insert into vigia values('Peniche', 32);
insert into vigia values('Vila das Aves', 33);
insert into vigia values('Elvas', 34);
insert into vigia values('So Pedro do Sul', 35);
insert into vigia values('Lagoa', 36);
insert into vigia values('Lisboa', 37);
insert into vigia values('Oliveira do Hospital', 38);
insert into vigia values('gueda', 39);
insert into vigia values('Vizela', 40);
insert into vigia values('Moura', 41);
insert into vigia values('Portalegre', 42);
insert into vigia values('Santo Tirso', 43);
insert into vigia values('Horta', 44);
insert into vigia values('Funchal', 45);
insert into vigia values('Porto', 46);
insert into vigia values('Coina', 47);
insert into vigia values('lhavo', 48);
insert into vigia values('Fafe', 49);
insert into vigia values('Setbal', 50);
insert into vigia values('Lamego', 51);
insert into vigia values('Santana', 52);
insert into vigia values('Cartaxo', 53);
insert into vigia values('Albufeira', 54);
insert into vigia values('Setbal', 55);
insert into vigia values('Vila Nova de Gaia', 56);
insert into vigia values('Monchique', 57);
insert into vigia values('Montijo', 58);
insert into vigia values('Abrantes', 59);
insert into vigia values('Santo Tirso', 60);
insert into vigia values('Setbal', 61);
insert into vigia values('Maia', 62);
insert into vigia values('Lagoa', 63);
insert into vigia values('Arcozelo', 64);
insert into vigia values('Porto', 65);
insert into vigia values('Costa da Caparica', 66);
insert into vigia values('Braga', 67);
insert into vigia values('Olho', 68);
insert into vigia values('Vila Real', 69);
insert into vigia values('Lagos', 70);
insert into vigia values('Seixal', 71);
insert into vigia values('Elvas', 72);
insert into vigia values('Estarreja', 73);
insert into vigia values('Seia', 74);
insert into vigia values('Faro', 75);
insert into vigia values('Lisboa', 76);
insert into vigia values('Tomar', 77);
insert into vigia values('Fafe', 78);
insert into vigia values('Macedo de Cavaleiros', 79);
insert into vigia values('Viseu', 80);
insert into vigia values('Esmoriz', 81);
insert into vigia values('Valongo', 82);
insert into vigia values('Ericeira', 83);
insert into vigia values('Chaves', 84);
insert into vigia values('Gondomar', 85);
insert into vigia values('Alcobaa', 86);
insert into vigia values('Porto', 87);
insert into vigia values('Cartaxo', 88);
insert into vigia values('Seixal', 89);
insert into vigia values('Leiria', 90);
insert into vigia values('Penafiel', 91);
insert into vigia values('Machico', 92);
insert into vigia values('Chaves', 93);
insert into vigia values('Marco de Canavezes', 94);
insert into vigia values('Alcobaa', 95);
insert into vigia values('Mirandela', 96);
insert into vigia values('Alfena', 97);
insert into vigia values('Mes', 98);
insert into vigia values('Sintra', 99);
insert into vigia values('Oliveira do Hospital', 100);
insert into vigia values('Montemor-o-Novo', 101);



insert into processoSocorro values(0);
insert into processoSocorro values(1);
insert into processoSocorro values(2);
insert into processoSocorro values(3);
insert into processoSocorro values(4);
insert into processoSocorro values(5);
insert into processoSocorro values(6);
insert into processoSocorro values(7);
insert into processoSocorro values(8);
insert into processoSocorro values(9);
insert into processoSocorro values(10);
insert into processoSocorro values(11);
insert into processoSocorro values(12);
insert into processoSocorro values(13);
insert into processoSocorro values(14);
insert into processoSocorro values(15);
insert into processoSocorro values(16);
insert into processoSocorro values(17);
insert into processoSocorro values(18);
insert into processoSocorro values(19);
insert into processoSocorro values(20);
insert into processoSocorro values(21);
insert into processoSocorro values(22);
insert into processoSocorro values(23);
insert into processoSocorro values(24);
insert into processoSocorro values(25);
insert into processoSocorro values(26);
insert into processoSocorro values(27);
insert into processoSocorro values(28);
insert into processoSocorro values(29);
insert into processoSocorro values(30);
insert into processoSocorro values(31);
insert into processoSocorro values(32);
insert into processoSocorro values(33);
insert into processoSocorro values(34);
insert into processoSocorro values(35);
insert into processoSocorro values(36);
insert into processoSocorro values(37);
insert into processoSocorro values(38);
insert into processoSocorro values(39);
insert into processoSocorro values(40);
insert into processoSocorro values(41);
insert into processoSocorro values(42);
insert into processoSocorro values(43);
insert into processoSocorro values(44);
insert into processoSocorro values(45);
insert into processoSocorro values(46);
insert into processoSocorro values(47);
insert into processoSocorro values(48);
insert into processoSocorro values(49);
insert into processoSocorro values(50);
insert into processoSocorro values(51);
insert into processoSocorro values(52);
insert into processoSocorro values(53);
insert into processoSocorro values(54);
insert into processoSocorro values(55);
insert into processoSocorro values(56);
insert into processoSocorro values(57);
insert into processoSocorro values(58);
insert into processoSocorro values(59);
insert into processoSocorro values(60);
insert into processoSocorro values(61);
insert into processoSocorro values(62);
insert into processoSocorro values(63);
insert into processoSocorro values(64);
insert into processoSocorro values(65);
insert into processoSocorro values(66);
insert into processoSocorro values(67);
insert into processoSocorro values(68);
insert into processoSocorro values(69);
insert into processoSocorro values(70);
insert into processoSocorro values(71);
insert into processoSocorro values(72);
insert into processoSocorro values(73);
insert into processoSocorro values(74);
insert into processoSocorro values(75);
insert into processoSocorro values(76);
insert into processoSocorro values(77);
insert into processoSocorro values(78);
insert into processoSocorro values(79);
insert into processoSocorro values(80);
insert into processoSocorro values(81);
insert into processoSocorro values(82);
insert into processoSocorro values(83);
insert into processoSocorro values(84);
insert into processoSocorro values(85);
insert into processoSocorro values(86);
insert into processoSocorro values(87);
insert into processoSocorro values(88);
insert into processoSocorro values(89);
insert into processoSocorro values(90);
insert into processoSocorro values(91);
insert into processoSocorro values(92);
insert into processoSocorro values(93);
insert into processoSocorro values(94);
insert into processoSocorro values(95);
insert into processoSocorro values(96);
insert into processoSocorro values(97);
insert into processoSocorro values(98);
insert into processoSocorro values(99);
insert into processoSocorro values(100);
insert into processoSocorro values(101);



insert into eventoEmergencia values(960000000, '2017-09-25 01:32:50', 'Simo', 'Marco de Canavezes', 0);
insert into eventoEmergencia values(960000001, '2017-01-19 02:10:12', 'Joo', 'Estarreja', 1);
insert into eventoEmergencia values(960000002, '2017-09-01 08:36:33', 'Sancidino', 'Silves', 2);
insert into eventoEmergencia values(960000003, '2016-02-06 18:36:58', 'Carolina', 'Pombal', 3);
insert into eventoEmergencia values(960000004, '2017-06-23 10:23:14', 'Pedro', 'Funchal', 4);
insert into eventoEmergencia values(960000005, '2017-08-26 19:11:44', 'Margarida', 'So Pedro do Sul', 5);
insert into eventoEmergencia values(960000006, '2016-09-12 09:24:33', 'Catarina', 'Albufeira', 6);
insert into eventoEmergencia values(960000007, '2017-06-04 14:59:06', 'Jonas', 'Tondela', 7);
insert into eventoEmergencia values(960000008, '2017-05-25 13:08:21', 'Pedro', 'Aveiro', 8);
insert into eventoEmergencia values(960000009, '2018-11-27 22:22:58', 'Joana', 'Costa da Caparica', 9);
insert into eventoEmergencia values(960000010, '2018-04-05 04:00:02', 'Ricardo', 'Pinhel', 10);
insert into eventoEmergencia values(960000011, '2018-11-28 04:45:55', 'Bruno Fernandes', 'Ovar', 11);
insert into eventoEmergencia values(960000012, '2018-12-14 16:16:05', 'Rita', 'Redondo', 12);
insert into eventoEmergencia values(960000013, '2016-03-26 03:51:42', 'Joo', 'Alccer do Sal', 13);
insert into eventoEmergencia values(960000014, '2018-08-02 15:07:39', 'Cames', 'Moura', 14);
insert into eventoEmergencia values(960000015, '2018-11-08 11:04:48', 'Bruno Fernandes', 'Loul', 15);
insert into eventoEmergencia values(960000016, '2018-04-05 00:43:45', 'Joana', 'Sintra', 16);
insert into eventoEmergencia values(960000017, '2016-12-23 01:45:42', 'Carolina', 'Tomar', 17);
insert into eventoEmergencia values(960000018, '2018-12-19 14:27:01', 'Ricardo', 'Montemor-o-Novo', 18);
insert into eventoEmergencia values(960000019, '2017-07-27 01:05:23', 'Sancidino', 'Tavira', 19);
insert into eventoEmergencia values(960000020, '2017-11-24 22:34:38', 'Ana', 'Amadora', 20);
insert into eventoEmergencia values(960000021, '2018-05-14 14:18:50', 'Sancidino', 'Ericeira', 21);
insert into eventoEmergencia values(960000022, '2018-08-14 21:24:44', 'Joana', 'Cartaxo', 22);
insert into eventoEmergencia values(960000023, '2016-07-13 02:45:06', 'Miguel', 'Castro Daire', 23);
insert into eventoEmergencia values(960000024, '2018-10-02 01:29:54', 'Carolina', 'Gondomar', 24);
insert into eventoEmergencia values(960000025, '2016-08-27 22:49:07', 'Margarida', 'Maia', 25);
insert into eventoEmergencia values(960000026, '2018-09-29 01:41:41', 'der', 'Albufeira', 26);
insert into eventoEmergencia values(960000027, '2016-01-04 23:07:22', 'Ricardo', 'Guarda', 27);
insert into eventoEmergencia values(960000028, '2016-01-15 14:21:47', 'Maria', 'Lagos', 28);
insert into eventoEmergencia values(960000029, '2017-08-12 00:35:40', 'Rita', 'Sabugal', 29);
insert into eventoEmergencia values(960000030, '2016-06-26 01:24:06', 'Marega', 'Gondomar', 30);
insert into eventoEmergencia values(960000031, '2016-07-26 14:27:19', 'Ana', 'Santo Tirso', 31);
insert into eventoEmergencia values(960000032, '2016-05-22 17:59:41', 'Maria', 'Santa Cruz', 32);
insert into eventoEmergencia values(960000033, '2018-04-07 15:35:55', 'Rita', 'Porto', 33);
insert into eventoEmergencia values(960000034, '2016-04-21 11:05:34', 'Marega', 'Alfena', 34);
insert into eventoEmergencia values(960000035, '2016-09-19 01:43:41', 'Lus', 'Ribeira Grande', 35);
insert into eventoEmergencia values(960000036, '2016-03-20 21:00:47', 'Carolina', 'Praia da Vitria', 36);
insert into eventoEmergencia values(960000037, '2018-10-30 04:06:34', 'Miguel', 'Fundo', 37);
insert into eventoEmergencia values(960000038, '2018-08-20 03:15:50', 'Margarida', 'Gouveia', 38);
insert into eventoEmergencia values(960000039, '2016-06-07 05:05:02', 'Lus', 'Mirandela', 39);
insert into eventoEmergencia values(960000040, '2016-01-08 02:30:57', 'Bruno Fernandes', 'Castro Daire', 40);
insert into eventoEmergencia values(960000041, '2017-05-17 08:19:33', 'Madalena', 'Penafiel', 41);
insert into eventoEmergencia values(960000042, '2018-08-23 19:14:43', 'Simo', 'Loul', 42);
insert into eventoEmergencia values(960000043, '2017-11-24 08:36:32', 'Miguel', 'Montemor-o-Novo', 43);
insert into eventoEmergencia values(960000044, '2017-10-07 16:18:37', 'Simo', 'Silves', 44);
insert into eventoEmergencia values(960000045, '2017-07-14 17:17:06', 'Lus', 'Guarda', 45);
insert into eventoEmergencia values(960000046, '2016-07-04 22:18:50', 'Rita', 'Estarreja', 46);
insert into eventoEmergencia values(960000047, '2016-10-12 12:51:24', 'Pedro', 'Setbal', 47);
insert into eventoEmergencia values(960000048, '2016-10-13 12:36:25', 'Madalena', 'Vizela', 48);
insert into eventoEmergencia values(960000049, '2016-08-26 21:32:51', 'Miguel', 'Lagoa', 49);
insert into eventoEmergencia values(960000050, '2018-09-01 00:16:14', 'Marega', 'Funchal', 50);
insert into eventoEmergencia values(960000051, '2016-07-15 20:29:08', 'Ana', 'Montemor-o-Novo', 51);
insert into eventoEmergencia values(960000052, '2018-04-23 09:15:12', 'Rita', 'Esmoriz', 52);
insert into eventoEmergencia values(960000053, '2018-08-05 10:52:28', 'Jonas', 'Funchal', 53);
insert into eventoEmergencia values(960000054, '2016-07-29 16:51:44', 'Ana', 'Santa Cruz', 54);
insert into eventoEmergencia values(960000055, '2017-12-08 18:31:42', 'Miguel', 'Albufeira', 55);
insert into eventoEmergencia values(960000056, '2017-09-15 16:11:26', 'Ricardo', 'Gondomar', 56);
insert into eventoEmergencia values(960000057, '2017-01-28 03:48:12', 'Joo', 'Maia', 57);
insert into eventoEmergencia values(960000058, '2017-05-22 04:35:45', 'Jonas', 'Valongo', 58);
insert into eventoEmergencia values(960000059, '2016-09-08 00:31:43', 'Marega', 'Leiria', 59);
insert into eventoEmergencia values(960000060, '2018-11-17 10:21:17', 'Ricardo', 'Alcobaa', 60);
insert into eventoEmergencia values(960000061, '2017-11-03 09:54:25', 'Lus', 'Valongo', 61);
insert into eventoEmergencia values(960000062, '2017-04-02 00:28:35', 'Sancidino', 'Lourosa', 62);
insert into eventoEmergencia values(960000063, '2018-02-09 16:55:13', 'Marega', 'Felgueiras', 63);
insert into eventoEmergencia values(960000064, '2017-01-29 05:30:43', 'Ana', 'Lamego', 64);
insert into eventoEmergencia values(960000065, '2016-03-08 11:07:28', 'Joana', 'Espinho', 65);
insert into eventoEmergencia values(960000066, '2016-06-08 17:42:08', 'Catarina', 'Fundo', 66);
insert into eventoEmergencia values(960000067, '2017-06-21 03:29:46', 'Pedro', 'Santa Cruz', 67);
insert into eventoEmergencia values(960000068, '2018-12-30 19:52:56', 'Cristiano Ronaldo', 'Costa da Caparica', 68);
insert into eventoEmergencia values(960000069, '2017-01-15 03:35:33', 'Cames', 'Lourosa', 69);
insert into eventoEmergencia values(960000070, '2017-05-27 09:39:04', 'Madalena', 'Porto', 70);
insert into eventoEmergencia values(960000071, '2018-12-15 01:53:09', 'Simo', 'Marco de Canavezes', 71);
insert into eventoEmergencia values(960000072, '2018-10-22 16:00:48', 'Marega', 'Alccer do Sal', 72);
insert into eventoEmergencia values(960000073, '2018-04-17 00:06:20', 'Rita', 'Aveiro', 73);
insert into eventoEmergencia values(960000074, '2016-01-26 22:43:48', 'der', 'Cascais', 74);
insert into eventoEmergencia values(960000075, '2018-11-11 10:02:50', 'Ricardo', 'Esmoriz', 75);
insert into eventoEmergencia values(960000076, '2017-09-22 21:15:16', 'Lus', 'Alfena', 76);
insert into eventoEmergencia values(960000077, '2018-11-14 14:21:46', 'Maria', 'Esmoriz', 77);
insert into eventoEmergencia values(960000078, '2018-04-23 05:46:02', 'Ana', 'Ericeira', 78);
insert into eventoEmergencia values(960000079, '2017-12-10 14:29:08', 'Ricardo', 'Vila das Aves', 79);
insert into eventoEmergencia values(960000080, '2018-04-30 07:22:44', 'Ana', 'Vila das Aves', 80);
insert into eventoEmergencia values(960000081, '2017-02-02 03:46:48', 'Miguel', 'Ftima', 81);
insert into eventoEmergencia values(960000082, '2018-01-08 15:53:56', 'der', 'Fundo', 82);
insert into eventoEmergencia values(960000083, '2016-06-02 13:23:33', 'Miguel', 'Espinho', 83);
insert into eventoEmergencia values(960000084, '2017-10-10 22:57:03', 'Ricardo', 'Lamego', 84);
insert into eventoEmergencia values(960000085, '2016-12-11 05:41:02', 'Sancidino', 'Funchal', 85);
insert into eventoEmergencia values(960000086, '2018-09-05 00:10:45', 'der', 'Nazar', 86);
insert into eventoEmergencia values(960000087, '2017-12-21 15:37:33', 'Miguel', 'Lourosa', 87);
insert into eventoEmergencia values(960000088, '2016-01-07 06:00:04', 'Sancidino', 'Vila Nova de Gaia', 88);
insert into eventoEmergencia values(960000089, '2018-08-24 13:19:47', 'Carolina', 'Portimo', 89);
insert into eventoEmergencia values(960000090, '2016-10-30 05:35:29', 'Catarina', 'Guarda', 90);
insert into eventoEmergencia values(960000091, '2016-10-05 23:03:55', 'Ana', 'Guarda', 91);
insert into eventoEmergencia values(960000092, '2016-01-21 18:40:02', 'Marega', 'Montemor-o-Novo', 92);
insert into eventoEmergencia values(960000093, '2016-04-10 18:42:12', 'Toms', 'Loul', 93);
insert into eventoEmergencia values(960000094, '2016-07-25 00:01:26', 'Jonas', 'Abrantes', 94);
insert into eventoEmergencia values(960000095, '2018-01-23 20:57:26', 'Joo', 'Tavira', 95);
insert into eventoEmergencia values(960000096, '2018-03-18 15:15:47', 'Ricardo', 'Esmoriz', 96);
insert into eventoEmergencia values(960000097, '2017-05-30 11:58:49', 'Bruno Fernandes', 'Seia', 97);
insert into eventoEmergencia values(960000098, '2018-10-19 01:26:40', 'Carolina', 'Cascais', 98);
insert into eventoEmergencia values(960000099, '2018-08-18 09:27:51', 'Ricardo', 'Fundo', 99);
insert into eventoEmergencia values(960000100, '2017-06-25 21:40:49', 'Miguel', 'Ericeira', 100);
insert into eventoEmergencia values(960000101, '2016-12-26 01:49:25', 'Joo', 'Alccer do Sal', 101);
insert into eventoEmergencia values(960000102, '2017-02-27 22:18:04', 'Cristiano Ronaldo', 'gueda', 0);
insert into eventoEmergencia values(960000103, '2016-07-28 02:21:31', 'Margarida', 'So Pedro do Sul', 1);
insert into eventoEmergencia values(960000104, '2016-07-13 08:13:59', 'Joana', 'Mirandela', 2);
insert into eventoEmergencia values(960000105, '2017-09-10 09:42:30', 'Joo', 'Gondomar', 3);
insert into eventoEmergencia values(960000106, '2016-01-20 00:49:13', 'Pedro', 'Fafe', 4);
insert into eventoEmergencia values(960000107, '2017-08-05 11:30:32', 'Madalena', 'Setbal', 5);
insert into eventoEmergencia values(960000108, '2018-04-23 22:53:34', 'Bruno Fernandes', 'Alvor', 6);
insert into eventoEmergencia values(960000109, '2018-11-14 01:06:24', 'Margarida', 'Penafiel', 7);
insert into eventoEmergencia values(960000110, '2018-05-27 01:15:52', 'Toms', 'Pinhel', 8);
insert into eventoEmergencia values(960000111, '2018-08-11 08:19:11', 'Sancidino', 'Aveiro', 9);
insert into eventoEmergencia values(960000112, '2017-09-02 18:25:46', 'Maria', 'Tavira', 10);
insert into eventoEmergencia values(960000113, '2017-02-04 14:04:27', 'Joana', 'Bragana', 11);
insert into eventoEmergencia values(960000114, '2016-04-25 06:20:49', 'Ricardo', 'gueda', 12);
insert into eventoEmergencia values(960000115, '2018-02-07 06:43:52', 'Ana', 'Alcochete', 13);
insert into eventoEmergencia values(960000116, '2017-06-05 01:51:47', 'Ana', 'Aveiro', 14);
insert into eventoEmergencia values(960000117, '2017-04-01 07:17:20', 'Marega', 'Sintra', 15);
insert into eventoEmergencia values(960000118, '2018-11-02 03:47:29', 'Maria', 'Alvor', 16);
insert into eventoEmergencia values(960000119, '2016-12-06 12:22:55', 'Simo', 'Ericeira', 17);
insert into eventoEmergencia values(960000120, '2016-06-26 14:53:41', 'Cristiano Ronaldo', 'Leiria', 18);
insert into eventoEmergencia values(960000121, '2018-06-05 16:25:05', 'Maria', 'Marzovelos', 19);
insert into eventoEmergencia values(960000122, '2016-07-01 13:40:32', 'Rita', 'Gouveia', 20);
insert into eventoEmergencia values(960000123, '2017-05-01 22:55:54', 'Margarida', 'Mes', 21);
insert into eventoEmergencia values(960000124, '2016-07-26 04:23:14', 'Miguel', 'Nazar', 22);
insert into eventoEmergencia values(960000125, '2017-11-13 19:30:46', 'Ricardo', 'Peniche', 23);
insert into eventoEmergencia values(960000126, '2016-07-20 22:54:05', 'Simo', 'Chaves', 24);
insert into eventoEmergencia values(960000127, '2016-11-21 18:07:58', 'Pedro', 'Barreiro', 25);
insert into eventoEmergencia values(960000128, '2017-01-10 17:35:59', 'Simo', 'Estarreja', 26);
insert into eventoEmergencia values(960000129, '2018-02-27 12:09:40', 'Carolina', 'Leiria', 27);
insert into eventoEmergencia values(960000130, '2017-05-08 02:39:55', 'Cristiano Ronaldo', 'Felgueiras', 28);
insert into eventoEmergencia values(960000131, '2017-10-10 12:41:16', 'Catarina', 'Montemor-o-Novo', 29);
insert into eventoEmergencia values(960000132, '2018-02-17 02:22:11', 'Ricardo', 'Alccer do Sal', 30);
insert into eventoEmergencia values(960000133, '2017-01-04 13:37:02', 'Ricardo', 'Tondela', 31);
insert into eventoEmergencia values(960000134, '2018-10-25 13:14:38', 'Sancidino', 'Portalegre', 32);
insert into eventoEmergencia values(960000135, '2018-08-19 16:07:43', 'Ana', 'Elvas', 33);
insert into eventoEmergencia values(960000136, '2018-04-01 21:26:03', 'Lus', 'Sintra', 34);
insert into eventoEmergencia values(960000137, '2018-11-28 14:22:24', 'Maria', 'Espinho', 35);
insert into eventoEmergencia values(960000138, '2018-04-06 18:27:42', 'Cristiano Ronaldo', 'Alccer do Sal', 36);
insert into eventoEmergencia values(960000139, '2017-11-30 12:21:12', 'Bruno Fernandes', 'Funchal', 37);
insert into eventoEmergencia values(960000140, '2018-06-30 16:45:44', 'Joana', 'Castro Daire', 38);
insert into eventoEmergencia values(960000141, '2016-08-12 18:02:09', 'Bruno Fernandes', 'Alccer do Sal', 39);
insert into eventoEmergencia values(960000142, '2018-10-31 09:58:16', 'Simo', 'Ribeira Grande', 40);
insert into eventoEmergencia values(960000143, '2018-04-27 02:09:27', 'Jonas', 'Beja', 41);
insert into eventoEmergencia values(960000144, '2017-02-16 14:43:01', 'Ricardo', 'Peniche', 42);
insert into eventoEmergencia values(960000145, '2018-10-09 05:00:52', 'Madalena', 'Silves', 43);
insert into eventoEmergencia values(960000146, '2018-07-21 03:15:15', 'Pedro', 'Trancoso', 44);
insert into eventoEmergencia values(960000147, '2018-12-11 18:25:13', 'Sancidino', 'Horta', 45);
insert into eventoEmergencia values(960000148, '2017-03-06 22:15:08', 'Sancidino', 'Vila das Aves', 46);
insert into eventoEmergencia values(960000149, '2017-01-06 14:56:34', 'Joo', 'Sabugal', 47);



insert into entidadeMeio values('Bombeiros de Peniche');
insert into entidadeMeio values('Junta de Freguesia de Alcobaa');
insert into entidadeMeio values('Polcia de Portalegre');
insert into entidadeMeio values('Junta de Freguesia de Maia');
insert into entidadeMeio values('Polcia de Nazar');
insert into entidadeMeio values('Bombeiros de Alccer do Sal');
insert into entidadeMeio values('Junta de Freguesia de Tomar');
insert into entidadeMeio values('Junta de Freguesia de Sines');
insert into entidadeMeio values('Bombeiros de Abrantes');
insert into entidadeMeio values('Polcia de Loul');
insert into entidadeMeio values('Junta de Freguesia de Olho');
insert into entidadeMeio values('Junta de Freguesia de Viseu');
insert into entidadeMeio values('Polcia de Penafiel');
insert into entidadeMeio values('Polcia de Bragana');
insert into entidadeMeio values('Bombeiros de Esmoriz');
insert into entidadeMeio values('Bombeiros de Sines');
insert into entidadeMeio values('Polcia de Peniche');
insert into entidadeMeio values('Polcia de Seixal');
insert into entidadeMeio values('Bombeiros de Praia da Vitria');
insert into entidadeMeio values('Bombeiros de Fundo');
insert into entidadeMeio values('Junta de Freguesia de Loures');
insert into entidadeMeio values('Bombeiros de Nazar');
insert into entidadeMeio values('Bombeiros de Faro');
insert into entidadeMeio values('Bombeiros de Braga');
insert into entidadeMeio values('Bombeiros de Pombal');
insert into entidadeMeio values('Polcia de Tondela');
insert into entidadeMeio values('Junta de Freguesia de Funchal');
insert into entidadeMeio values('Bombeiros de Porto');
insert into entidadeMeio values('Bombeiros de Sintra');
insert into entidadeMeio values('Polcia de Machico');
insert into entidadeMeio values('Bombeiros de Vizela');
insert into entidadeMeio values('Junta de Freguesia de Felgueiras');
insert into entidadeMeio values('Polcia de Lagos');
insert into entidadeMeio values('Junta de Freguesia de Faro');
insert into entidadeMeio values('Junta de Freguesia de Pvoa de Varzim');
insert into entidadeMeio values('Polcia de Montijo');
insert into entidadeMeio values('Junta de Freguesia de Portimo');
insert into entidadeMeio values('Bombeiros de Viana do Castelo');
insert into entidadeMeio values('Polcia de Valongo');
insert into entidadeMeio values('Junta de Freguesia de Cascais');
insert into entidadeMeio values('Polcia de Queluz');
insert into entidadeMeio values('Junta de Freguesia de Loul');
insert into entidadeMeio values('Polcia de Lagoa');
insert into entidadeMeio values('Junta de Freguesia de Santo Andr');
insert into entidadeMeio values('Polcia de Alcobaa');
insert into entidadeMeio values('Polcia de gueda');
insert into entidadeMeio values('Bombeiros de Olho');
insert into entidadeMeio values('Junta de Freguesia de Abrantes');
insert into entidadeMeio values('Polcia de Amadora');
insert into entidadeMeio values('Polcia de Ovar');
insert into entidadeMeio values('Bombeiros de Lisboa');
insert into entidadeMeio values('Bombeiros de Castro Daire');
insert into entidadeMeio values('Bombeiros de Tondela');
insert into entidadeMeio values('Junta de Freguesia de Lixa');
insert into entidadeMeio values('Bombeiros de Sagres');
insert into entidadeMeio values('Junta de Freguesia de Moura');
insert into entidadeMeio values('Polcia de Coimbra');
insert into entidadeMeio values('Bombeiros de Vila Real');
insert into entidadeMeio values('Junta de Freguesia de Gondomar');
insert into entidadeMeio values('Junta de Freguesia de Aveiro');
insert into entidadeMeio values('Junta de Freguesia de gueda');
insert into entidadeMeio values('Junta de Freguesia de Oliveira do Hospital');
insert into entidadeMeio values('Junta de Freguesia de Coina');
insert into entidadeMeio values('Bombeiros de Rio Maior');
insert into entidadeMeio values('Junta de Freguesia de Vila Nova de Gaia');
insert into entidadeMeio values('Bombeiros de Arcozelo');
insert into entidadeMeio values('Bombeiros de Lourosa');
insert into entidadeMeio values('Polcia de Lourosa');
insert into entidadeMeio values('Bombeiros de Cartaxo');
insert into entidadeMeio values('Bombeiros de Almada');
insert into entidadeMeio values('Bombeiros de Lagoa');
insert into entidadeMeio values('Polcia de Silves');
insert into entidadeMeio values('Polcia de Loures');
insert into entidadeMeio values('Polcia de Faro');
insert into entidadeMeio values('Junta de Freguesia de So Pedro do Sul');
insert into entidadeMeio values('Junta de Freguesia de Santana');
insert into entidadeMeio values('Bombeiros de Tavira');
insert into entidadeMeio values('Polcia de Alccer do Sal');
insert into entidadeMeio values('Polcia de Estarreja');
insert into entidadeMeio values('Bombeiros de Ftima');
insert into entidadeMeio values('Junta de Freguesia de Albufeira');
insert into entidadeMeio values('Polcia de Trancoso');
insert into entidadeMeio values('Bombeiros de Redondo');
insert into entidadeMeio values('Bombeiros de Portalegre');
insert into entidadeMeio values('Junta de Freguesia de Marco de Canavezes');
insert into entidadeMeio values('Junta de Freguesia de Barreiro');
insert into entidadeMeio values('Bombeiros de Marco de Canavezes');
insert into entidadeMeio values('Bombeiros de Coina');
insert into entidadeMeio values('Bombeiros de Alcobaa');
insert into entidadeMeio values('Bombeiros de Alvor');
insert into entidadeMeio values('Junta de Freguesia de Machico');
insert into entidadeMeio values('Junta de Freguesia de Esmoriz');
insert into entidadeMeio values('Bombeiros de Horta');
insert into entidadeMeio values('Bombeiros de Oliveira do Hospital');
insert into entidadeMeio values('Bombeiros de Santana');
insert into entidadeMeio values('Polcia de So Pedro do Sul');
insert into entidadeMeio values('Junta de Freguesia de Ovar');
insert into entidadeMeio values('Bombeiros de Loures');
insert into entidadeMeio values('Polcia de Alcochete');
insert into entidadeMeio values('Bombeiros de Loul');
insert into entidadeMeio values('Junta de Freguesia de vora');
insert into entidadeMeio values('Junta de Freguesia de Lamego');



insert into meio values(0, 'Camio', 'Bombeiros de Peniche');
insert into meio values(1, 'Helicptero', 'Bombeiros de Peniche');
insert into meio values(2, 'Ambulncia', 'Bombeiros de Peniche');
insert into meio values(0, 'Ambulncia', 'Junta de Freguesia de Alcobaa');
insert into meio values(1, 'Ambulncia', 'Junta de Freguesia de Alcobaa');
insert into meio values(2, 'Ambulncia', 'Junta de Freguesia de Alcobaa');
insert into meio values(3, 'Carrinha', 'Junta de Freguesia de Alcobaa');
insert into meio values(4, 'Camio', 'Junta de Freguesia de Alcobaa');
insert into meio values(0, 'Camio', 'Polcia de Portalegre');
insert into meio values(1, 'Ambulncia', 'Polcia de Portalegre');
insert into meio values(2, 'Ambulncia', 'Polcia de Portalegre');
insert into meio values(3, 'Carrinha', 'Polcia de Portalegre');
insert into meio values(4, 'Camio', 'Polcia de Portalegre');
insert into meio values(0, 'Ambulncia', 'Junta de Freguesia de Maia');
insert into meio values(1, 'Carrinha', 'Junta de Freguesia de Maia');
insert into meio values(2, 'Camio', 'Junta de Freguesia de Maia');
insert into meio values(0, 'Helicptero', 'Polcia de Nazar');
insert into meio values(1, 'Carrinha', 'Polcia de Nazar');
insert into meio values(2, 'Camio', 'Polcia de Nazar');
insert into meio values(3, 'Carrinha', 'Polcia de Nazar');
insert into meio values(4, 'Helicptero', 'Polcia de Nazar');
insert into meio values(0, 'Ambulncia', 'Bombeiros de Alccer do Sal');
insert into meio values(1, 'Camio', 'Bombeiros de Alccer do Sal');
insert into meio values(2, 'Carrinha', 'Bombeiros de Alccer do Sal');
insert into meio values(3, 'Camio', 'Bombeiros de Alccer do Sal');
insert into meio values(4, 'Camio', 'Bombeiros de Alccer do Sal');
insert into meio values(0, 'Camio', 'Junta de Freguesia de Tomar');
insert into meio values(1, 'Camio', 'Junta de Freguesia de Tomar');
insert into meio values(2, 'Helicptero', 'Junta de Freguesia de Tomar');
insert into meio values(3, 'Ambulncia', 'Junta de Freguesia de Tomar');
insert into meio values(4, 'Carrinha', 'Junta de Freguesia de Tomar');
insert into meio values(0, 'Ambulncia', 'Junta de Freguesia de Sines');
insert into meio values(1, 'Ambulncia', 'Junta de Freguesia de Sines');
insert into meio values(2, 'Camio', 'Junta de Freguesia de Sines');
insert into meio values(3, 'Helicptero', 'Junta de Freguesia de Sines');
insert into meio values(0, 'Ambulncia', 'Bombeiros de Abrantes');
insert into meio values(1, 'Carrinha', 'Bombeiros de Abrantes');
insert into meio values(2, 'Helicptero', 'Bombeiros de Abrantes');
insert into meio values(3, 'Camio', 'Bombeiros de Abrantes');
insert into meio values(4, 'Camio', 'Bombeiros de Abrantes');
insert into meio values(0, 'Helicptero', 'Polcia de Loul');
insert into meio values(1, 'Ambulncia', 'Polcia de Loul');
insert into meio values(2, 'Carrinha', 'Polcia de Loul');
insert into meio values(3, 'Ambulncia', 'Polcia de Loul');
insert into meio values(0, 'Carrinha', 'Junta de Freguesia de Olho');
insert into meio values(1, 'Helicptero', 'Junta de Freguesia de Olho');
insert into meio values(2, 'Camio', 'Junta de Freguesia de Olho');
insert into meio values(3, 'Helicptero', 'Junta de Freguesia de Olho');
insert into meio values(0, 'Camio', 'Junta de Freguesia de Viseu');
insert into meio values(1, 'Ambulncia', 'Junta de Freguesia de Viseu');
insert into meio values(2, 'Camio', 'Junta de Freguesia de Viseu');
insert into meio values(3, 'Ambulncia', 'Junta de Freguesia de Viseu');
insert into meio values(0, 'Camio', 'Polcia de Penafiel');
insert into meio values(1, 'Ambulncia', 'Polcia de Penafiel');
insert into meio values(2, 'Ambulncia', 'Polcia de Penafiel');
insert into meio values(0, 'Carrinha', 'Polcia de Bragana');
insert into meio values(1, 'Ambulncia', 'Polcia de Bragana');
insert into meio values(2, 'Carrinha', 'Polcia de Bragana');
insert into meio values(3, 'Ambulncia', 'Polcia de Bragana');
insert into meio values(4, 'Camio', 'Polcia de Bragana');
insert into meio values(0, 'Ambulncia', 'Bombeiros de Esmoriz');
insert into meio values(1, 'Camio', 'Bombeiros de Esmoriz');
insert into meio values(2, 'Ambulncia', 'Bombeiros de Esmoriz');
insert into meio values(3, 'Camio', 'Bombeiros de Esmoriz');
insert into meio values(4, 'Helicptero', 'Bombeiros de Esmoriz');
insert into meio values(0, 'Carrinha', 'Bombeiros de Sines');
insert into meio values(1, 'Ambulncia', 'Bombeiros de Sines');
insert into meio values(2, 'Ambulncia', 'Bombeiros de Sines');
insert into meio values(3, 'Camio', 'Bombeiros de Sines');
insert into meio values(0, 'Ambulncia', 'Polcia de Peniche');
insert into meio values(1, 'Helicptero', 'Polcia de Peniche');
insert into meio values(2, 'Helicptero', 'Polcia de Peniche');
insert into meio values(3, 'Camio', 'Polcia de Peniche');
insert into meio values(4, 'Ambulncia', 'Polcia de Peniche');
insert into meio values(0, 'Carrinha', 'Polcia de Seixal');
insert into meio values(1, 'Ambulncia', 'Polcia de Seixal');
insert into meio values(2, 'Camio', 'Polcia de Seixal');
insert into meio values(0, 'Carrinha', 'Bombeiros de Praia da Vitria');
insert into meio values(1, 'Ambulncia', 'Bombeiros de Praia da Vitria');
insert into meio values(2, 'Ambulncia', 'Bombeiros de Praia da Vitria');
insert into meio values(0, 'Carrinha', 'Bombeiros de Fundo');
insert into meio values(1, 'Camio', 'Bombeiros de Fundo');
insert into meio values(2, 'Carrinha', 'Bombeiros de Fundo');
insert into meio values(3, 'Camio', 'Bombeiros de Fundo');
insert into meio values(4, 'Camio', 'Bombeiros de Fundo');
insert into meio values(0, 'Ambulncia', 'Junta de Freguesia de Loures');
insert into meio values(1, 'Camio', 'Junta de Freguesia de Loures');
insert into meio values(2, 'Camio', 'Junta de Freguesia de Loures');
insert into meio values(0, 'Helicptero', 'Bombeiros de Nazar');
insert into meio values(1, 'Camio', 'Bombeiros de Nazar');
insert into meio values(2, 'Camio', 'Bombeiros de Nazar');
insert into meio values(3, 'Ambulncia', 'Bombeiros de Nazar');
insert into meio values(0, 'Helicptero', 'Bombeiros de Faro');
insert into meio values(1, 'Carrinha', 'Bombeiros de Faro');
insert into meio values(2, 'Helicptero', 'Bombeiros de Faro');
insert into meio values(3, 'Camio', 'Bombeiros de Faro');
insert into meio values(0, 'Carrinha', 'Bombeiros de Braga');
insert into meio values(1, 'Ambulncia', 'Bombeiros de Braga');
insert into meio values(2, 'Helicptero', 'Bombeiros de Braga');
insert into meio values(3, 'Camio', 'Bombeiros de Braga');
insert into meio values(0, 'Ambulncia', 'Bombeiros de Pombal');
insert into meio values(1, 'Carrinha', 'Bombeiros de Pombal');
insert into meio values(2, 'Camio', 'Bombeiros de Pombal');
insert into meio values(3, 'Carrinha', 'Bombeiros de Pombal');
insert into meio values(0, 'Carrinha', 'Polcia de Tondela');
insert into meio values(1, 'Camio', 'Polcia de Tondela');
insert into meio values(2, 'Camio', 'Polcia de Tondela');
insert into meio values(3, 'Camio', 'Polcia de Tondela');
insert into meio values(0, 'Carrinha', 'Junta de Freguesia de Funchal');
insert into meio values(1, 'Helicptero', 'Junta de Freguesia de Funchal');
insert into meio values(2, 'Ambulncia', 'Junta de Freguesia de Funchal');
insert into meio values(3, 'Ambulncia', 'Junta de Freguesia de Funchal');
insert into meio values(4, 'Carrinha', 'Junta de Freguesia de Funchal');
insert into meio values(0, 'Ambulncia', 'Bombeiros de Porto');
insert into meio values(1, 'Camio', 'Bombeiros de Porto');
insert into meio values(2, 'Ambulncia', 'Bombeiros de Porto');
insert into meio values(3, 'Camio', 'Bombeiros de Porto');
insert into meio values(4, 'Carrinha', 'Bombeiros de Porto');
insert into meio values(0, 'Helicptero', 'Bombeiros de Sintra');
insert into meio values(1, 'Helicptero', 'Bombeiros de Sintra');
insert into meio values(2, 'Carrinha', 'Bombeiros de Sintra');
insert into meio values(3, 'Helicptero', 'Bombeiros de Sintra');
insert into meio values(0, 'Carrinha', 'Polcia de Machico');
insert into meio values(1, 'Helicptero', 'Polcia de Machico');
insert into meio values(2, 'Helicptero', 'Polcia de Machico');
insert into meio values(3, 'Ambulncia', 'Polcia de Machico');
insert into meio values(0, 'Ambulncia', 'Bombeiros de Vizela');
insert into meio values(1, 'Helicptero', 'Bombeiros de Vizela');
insert into meio values(2, 'Ambulncia', 'Bombeiros de Vizela');
insert into meio values(3, 'Ambulncia', 'Bombeiros de Vizela');
insert into meio values(0, 'Carrinha', 'Junta de Freguesia de Felgueiras');
insert into meio values(1, 'Ambulncia', 'Junta de Freguesia de Felgueiras');
insert into meio values(2, 'Helicptero', 'Junta de Freguesia de Felgueiras');
insert into meio values(0, 'Camio', 'Polcia de Lagos');
insert into meio values(1, 'Camio', 'Polcia de Lagos');
insert into meio values(2, 'Helicptero', 'Polcia de Lagos');
insert into meio values(3, 'Helicptero', 'Polcia de Lagos');
insert into meio values(4, 'Ambulncia', 'Polcia de Lagos');
insert into meio values(0, 'Camio', 'Junta de Freguesia de Faro');
insert into meio values(1, 'Ambulncia', 'Junta de Freguesia de Faro');
insert into meio values(2, 'Helicptero', 'Junta de Freguesia de Faro');
insert into meio values(3, 'Ambulncia', 'Junta de Freguesia de Faro');
insert into meio values(4, 'Ambulncia', 'Junta de Freguesia de Faro');
insert into meio values(0, 'Camio', 'Junta de Freguesia de Pvoa de Varzim');
insert into meio values(1, 'Helicptero', 'Junta de Freguesia de Pvoa de Varzim');
insert into meio values(2, 'Helicptero', 'Junta de Freguesia de Pvoa de Varzim');
insert into meio values(3, 'Camio', 'Junta de Freguesia de Pvoa de Varzim');
insert into meio values(4, 'Helicptero', 'Junta de Freguesia de Pvoa de Varzim');
insert into meio values(0, 'Helicptero', 'Polcia de Montijo');
insert into meio values(1, 'Carrinha', 'Polcia de Montijo');
insert into meio values(2, 'Helicptero', 'Polcia de Montijo');
insert into meio values(3, 'Helicptero', 'Polcia de Montijo');
insert into meio values(4, 'Helicptero', 'Polcia de Montijo');
insert into meio values(0, 'Ambulncia', 'Junta de Freguesia de Portimo');
insert into meio values(1, 'Carrinha', 'Junta de Freguesia de Portimo');
insert into meio values(2, 'Helicptero', 'Junta de Freguesia de Portimo');
insert into meio values(3, 'Ambulncia', 'Junta de Freguesia de Portimo');
insert into meio values(4, 'Helicptero', 'Junta de Freguesia de Portimo');
insert into meio values(0, 'Helicptero', 'Bombeiros de Viana do Castelo');
insert into meio values(1, 'Ambulncia', 'Bombeiros de Viana do Castelo');
insert into meio values(2, 'Ambulncia', 'Bombeiros de Viana do Castelo');
insert into meio values(3, 'Carrinha', 'Bombeiros de Viana do Castelo');
insert into meio values(4, 'Camio', 'Bombeiros de Viana do Castelo');
insert into meio values(0, 'Carrinha', 'Polcia de Valongo');
insert into meio values(1, 'Ambulncia', 'Polcia de Valongo');
insert into meio values(2, 'Carrinha', 'Polcia de Valongo');
insert into meio values(3, 'Carrinha', 'Polcia de Valongo');
insert into meio values(4, 'Camio', 'Polcia de Valongo');
insert into meio values(0, 'Camio', 'Junta de Freguesia de Cascais');
insert into meio values(1, 'Carrinha', 'Junta de Freguesia de Cascais');
insert into meio values(2, 'Camio', 'Junta de Freguesia de Cascais');
insert into meio values(0, 'Camio', 'Polcia de Queluz');
insert into meio values(1, 'Camio', 'Polcia de Queluz');
insert into meio values(2, 'Helicptero', 'Polcia de Queluz');
insert into meio values(0, 'Carrinha', 'Junta de Freguesia de Loul');
insert into meio values(1, 'Ambulncia', 'Junta de Freguesia de Loul');
insert into meio values(2, 'Helicptero', 'Junta de Freguesia de Loul');
insert into meio values(3, 'Camio', 'Junta de Freguesia de Loul');
insert into meio values(4, 'Helicptero', 'Junta de Freguesia de Loul');
insert into meio values(0, 'Camio', 'Polcia de Lagoa');
insert into meio values(1, 'Camio', 'Polcia de Lagoa');
insert into meio values(2, 'Ambulncia', 'Polcia de Lagoa');
insert into meio values(0, 'Camio', 'Junta de Freguesia de Santo Andr');
insert into meio values(1, 'Camio', 'Junta de Freguesia de Santo Andr');
insert into meio values(2, 'Ambulncia', 'Junta de Freguesia de Santo Andr');
insert into meio values(0, 'Helicptero', 'Polcia de Alcobaa');
insert into meio values(1, 'Camio', 'Polcia de Alcobaa');
insert into meio values(2, 'Ambulncia', 'Polcia de Alcobaa');
insert into meio values(0, 'Carrinha', 'Polcia de gueda');
insert into meio values(1, 'Ambulncia', 'Polcia de gueda');
insert into meio values(2, 'Camio', 'Polcia de gueda');
insert into meio values(3, 'Helicptero', 'Polcia de gueda');
insert into meio values(4, 'Ambulncia', 'Polcia de gueda');
insert into meio values(0, 'Helicptero', 'Bombeiros de Olho');
insert into meio values(1, 'Camio', 'Bombeiros de Olho');
insert into meio values(2, 'Helicptero', 'Bombeiros de Olho');
insert into meio values(3, 'Helicptero', 'Bombeiros de Olho');
insert into meio values(4, 'Helicptero', 'Bombeiros de Olho');
insert into meio values(0, 'Camio', 'Junta de Freguesia de Abrantes');
insert into meio values(1, 'Ambulncia', 'Junta de Freguesia de Abrantes');
insert into meio values(2, 'Carrinha', 'Junta de Freguesia de Abrantes');
insert into meio values(3, 'Ambulncia', 'Junta de Freguesia de Abrantes');
insert into meio values(0, 'Camio', 'Polcia de Amadora');
insert into meio values(1, 'Camio', 'Polcia de Amadora');
insert into meio values(2, 'Carrinha', 'Polcia de Amadora');
insert into meio values(0, 'Ambulncia', 'Polcia de Ovar');
insert into meio values(1, 'Helicptero', 'Polcia de Ovar');
insert into meio values(2, 'Ambulncia', 'Polcia de Ovar');
insert into meio values(3, 'Ambulncia', 'Polcia de Ovar');
insert into meio values(4, 'Camio', 'Polcia de Ovar');
insert into meio values(0, 'Helicptero', 'Bombeiros de Lisboa');
insert into meio values(1, 'Helicptero', 'Bombeiros de Lisboa');
insert into meio values(2, 'Carrinha', 'Bombeiros de Lisboa');
insert into meio values(3, 'Camio', 'Bombeiros de Lisboa');
insert into meio values(4, 'Camio', 'Bombeiros de Lisboa');
insert into meio values(0, 'Camio', 'Bombeiros de Castro Daire');
insert into meio values(1, 'Helicptero', 'Bombeiros de Castro Daire');
insert into meio values(2, 'Carrinha', 'Bombeiros de Castro Daire');
insert into meio values(3, 'Carrinha', 'Bombeiros de Castro Daire');
insert into meio values(4, 'Ambulncia', 'Bombeiros de Castro Daire');
insert into meio values(0, 'Ambulncia', 'Bombeiros de Tondela');
insert into meio values(1, 'Carrinha', 'Bombeiros de Tondela');
insert into meio values(2, 'Camio', 'Bombeiros de Tondela');
insert into meio values(0, 'Ambulncia', 'Junta de Freguesia de Lixa');
insert into meio values(1, 'Helicptero', 'Junta de Freguesia de Lixa');
insert into meio values(2, 'Helicptero', 'Junta de Freguesia de Lixa');
insert into meio values(3, 'Ambulncia', 'Junta de Freguesia de Lixa');
insert into meio values(4, 'Helicptero', 'Junta de Freguesia de Lixa');
insert into meio values(0, 'Helicptero', 'Bombeiros de Sagres');
insert into meio values(1, 'Carrinha', 'Bombeiros de Sagres');
insert into meio values(2, 'Carrinha', 'Bombeiros de Sagres');
insert into meio values(0, 'Helicptero', 'Junta de Freguesia de Moura');
insert into meio values(1, 'Camio', 'Junta de Freguesia de Moura');
insert into meio values(2, 'Helicptero', 'Junta de Freguesia de Moura');
insert into meio values(3, 'Carrinha', 'Junta de Freguesia de Moura');
insert into meio values(0, 'Ambulncia', 'Polcia de Coimbra');
insert into meio values(1, 'Carrinha', 'Polcia de Coimbra');
insert into meio values(2, 'Ambulncia', 'Polcia de Coimbra');
insert into meio values(3, 'Carrinha', 'Polcia de Coimbra');
insert into meio values(4, 'Carrinha', 'Polcia de Coimbra');
insert into meio values(0, 'Carrinha', 'Bombeiros de Vila Real');
insert into meio values(1, 'Camio', 'Bombeiros de Vila Real');
insert into meio values(2, 'Carrinha', 'Bombeiros de Vila Real');
insert into meio values(3, 'Ambulncia', 'Bombeiros de Vila Real');
insert into meio values(4, 'Carrinha', 'Bombeiros de Vila Real');
insert into meio values(0, 'Helicptero', 'Junta de Freguesia de Gondomar');
insert into meio values(1, 'Ambulncia', 'Junta de Freguesia de Gondomar');
insert into meio values(2, 'Carrinha', 'Junta de Freguesia de Gondomar');
insert into meio values(3, 'Carrinha', 'Junta de Freguesia de Gondomar');
insert into meio values(0, 'Carrinha', 'Junta de Freguesia de Aveiro');
insert into meio values(1, 'Carrinha', 'Junta de Freguesia de Aveiro');
insert into meio values(2, 'Carrinha', 'Junta de Freguesia de Aveiro');
insert into meio values(0, 'Camio', 'Junta de Freguesia de gueda');
insert into meio values(1, 'Carrinha', 'Junta de Freguesia de gueda');
insert into meio values(2, 'Helicptero', 'Junta de Freguesia de gueda');
insert into meio values(3, 'Camio', 'Junta de Freguesia de gueda');
insert into meio values(4, 'Helicptero', 'Junta de Freguesia de gueda');
insert into meio values(0, 'Carrinha', 'Junta de Freguesia de Oliveira do Hospital');
insert into meio values(1, 'Helicptero', 'Junta de Freguesia de Oliveira do Hospital');
insert into meio values(2, 'Carrinha', 'Junta de Freguesia de Oliveira do Hospital');
insert into meio values(0, 'Ambulncia', 'Junta de Freguesia de Coina');
insert into meio values(1, 'Carrinha', 'Junta de Freguesia de Coina');
insert into meio values(2, 'Carrinha', 'Junta de Freguesia de Coina');
insert into meio values(3, 'Camio', 'Junta de Freguesia de Coina');
insert into meio values(0, 'Helicptero', 'Bombeiros de Rio Maior');
insert into meio values(1, 'Carrinha', 'Bombeiros de Rio Maior');
insert into meio values(2, 'Ambulncia', 'Bombeiros de Rio Maior');
insert into meio values(3, 'Helicptero', 'Bombeiros de Rio Maior');
insert into meio values(4, 'Carrinha', 'Bombeiros de Rio Maior');
insert into meio values(0, 'Carrinha', 'Junta de Freguesia de Vila Nova de Gaia');
insert into meio values(1, 'Helicptero', 'Junta de Freguesia de Vila Nova de Gaia');
insert into meio values(2, 'Carrinha', 'Junta de Freguesia de Vila Nova de Gaia');
insert into meio values(3, 'Carrinha', 'Junta de Freguesia de Vila Nova de Gaia');
insert into meio values(0, 'Ambulncia', 'Bombeiros de Arcozelo');
insert into meio values(1, 'Carrinha', 'Bombeiros de Arcozelo');
insert into meio values(2, 'Ambulncia', 'Bombeiros de Arcozelo');
insert into meio values(3, 'Carrinha', 'Bombeiros de Arcozelo');
insert into meio values(4, 'Carrinha', 'Bombeiros de Arcozelo');
insert into meio values(0, 'Carrinha', 'Bombeiros de Lourosa');
insert into meio values(1, 'Camio', 'Bombeiros de Lourosa');
insert into meio values(2, 'Helicptero', 'Bombeiros de Lourosa');
insert into meio values(0, 'Helicptero', 'Polcia de Lourosa');
insert into meio values(1, 'Helicptero', 'Polcia de Lourosa');
insert into meio values(2, 'Carrinha', 'Polcia de Lourosa');
insert into meio values(3, 'Helicptero', 'Polcia de Lourosa');
insert into meio values(0, 'Ambulncia', 'Bombeiros de Cartaxo');
insert into meio values(1, 'Camio', 'Bombeiros de Cartaxo');
insert into meio values(2, 'Camio', 'Bombeiros de Cartaxo');
insert into meio values(3, 'Carrinha', 'Bombeiros de Cartaxo');
insert into meio values(0, 'Ambulncia', 'Bombeiros de Almada');
insert into meio values(1, 'Carrinha', 'Bombeiros de Almada');
insert into meio values(2, 'Helicptero', 'Bombeiros de Almada');
insert into meio values(3, 'Carrinha', 'Bombeiros de Almada');
insert into meio values(0, 'Camio', 'Bombeiros de Lagoa');
insert into meio values(1, 'Carrinha', 'Bombeiros de Lagoa');
insert into meio values(2, 'Camio', 'Bombeiros de Lagoa');
insert into meio values(0, 'Camio', 'Polcia de Silves');
insert into meio values(1, 'Camio', 'Polcia de Silves');
insert into meio values(2, 'Ambulncia', 'Polcia de Silves');
insert into meio values(0, 'Helicptero', 'Polcia de Loures');
insert into meio values(1, 'Ambulncia', 'Polcia de Loures');
insert into meio values(2, 'Camio', 'Polcia de Loures');
insert into meio values(0, 'Camio', 'Polcia de Faro');
insert into meio values(1, 'Ambulncia', 'Polcia de Faro');
insert into meio values(2, 'Helicptero', 'Polcia de Faro');
insert into meio values(3, 'Ambulncia', 'Polcia de Faro');
insert into meio values(4, 'Camio', 'Polcia de Faro');
insert into meio values(0, 'Helicptero', 'Junta de Freguesia de So Pedro do Sul');
insert into meio values(1, 'Carrinha', 'Junta de Freguesia de So Pedro do Sul');
insert into meio values(2, 'Ambulncia', 'Junta de Freguesia de So Pedro do Sul');
insert into meio values(0, 'Helicptero', 'Junta de Freguesia de Santana');
insert into meio values(1, 'Carrinha', 'Junta de Freguesia de Santana');
insert into meio values(2, 'Camio', 'Junta de Freguesia de Santana');
insert into meio values(3, 'Camio', 'Junta de Freguesia de Santana');
insert into meio values(4, 'Helicptero', 'Junta de Freguesia de Santana');
insert into meio values(0, 'Ambulncia', 'Bombeiros de Tavira');
insert into meio values(1, 'Camio', 'Bombeiros de Tavira');
insert into meio values(2, 'Camio', 'Bombeiros de Tavira');
insert into meio values(3, 'Carrinha', 'Bombeiros de Tavira');
insert into meio values(4, 'Helicptero', 'Bombeiros de Tavira');
insert into meio values(0, 'Helicptero', 'Polcia de Alccer do Sal');
insert into meio values(1, 'Carrinha', 'Polcia de Alccer do Sal');
insert into meio values(2, 'Carrinha', 'Polcia de Alccer do Sal');
insert into meio values(0, 'Carrinha', 'Polcia de Estarreja');
insert into meio values(1, 'Helicptero', 'Polcia de Estarreja');
insert into meio values(2, 'Carrinha', 'Polcia de Estarreja');
insert into meio values(3, 'Helicptero', 'Polcia de Estarreja');
insert into meio values(4, 'Ambulncia', 'Polcia de Estarreja');
insert into meio values(0, 'Camio', 'Bombeiros de Ftima');
insert into meio values(1, 'Ambulncia', 'Bombeiros de Ftima');
insert into meio values(2, 'Camio', 'Bombeiros de Ftima');
insert into meio values(0, 'Camio', 'Junta de Freguesia de Albufeira');
insert into meio values(1, 'Camio', 'Junta de Freguesia de Albufeira');
insert into meio values(2, 'Ambulncia', 'Junta de Freguesia de Albufeira');
insert into meio values(3, 'Helicptero', 'Junta de Freguesia de Albufeira');
insert into meio values(4, 'Camio', 'Junta de Freguesia de Albufeira');
insert into meio values(0, 'Ambulncia', 'Polcia de Trancoso');
insert into meio values(1, 'Helicptero', 'Polcia de Trancoso');
insert into meio values(2, 'Carrinha', 'Polcia de Trancoso');
insert into meio values(0, 'Carrinha', 'Bombeiros de Redondo');
insert into meio values(1, 'Ambulncia', 'Bombeiros de Redondo');
insert into meio values(2, 'Ambulncia', 'Bombeiros de Redondo');
insert into meio values(0, 'Carrinha', 'Bombeiros de Portalegre');
insert into meio values(1, 'Camio', 'Bombeiros de Portalegre');
insert into meio values(2, 'Helicptero', 'Bombeiros de Portalegre');
insert into meio values(0, 'Carrinha', 'Junta de Freguesia de Marco de Canavezes');
insert into meio values(1, 'Camio', 'Junta de Freguesia de Marco de Canavezes');
insert into meio values(2, 'Camio', 'Junta de Freguesia de Marco de Canavezes');
insert into meio values(0, 'Ambulncia', 'Junta de Freguesia de Barreiro');
insert into meio values(1, 'Camio', 'Junta de Freguesia de Barreiro');
insert into meio values(2, 'Ambulncia', 'Junta de Freguesia de Barreiro');
insert into meio values(3, 'Ambulncia', 'Junta de Freguesia de Barreiro');
insert into meio values(4, 'Camio', 'Junta de Freguesia de Barreiro');
insert into meio values(0, 'Camio', 'Bombeiros de Marco de Canavezes');
insert into meio values(1, 'Carrinha', 'Bombeiros de Marco de Canavezes');
insert into meio values(2, 'Helicptero', 'Bombeiros de Marco de Canavezes');
insert into meio values(0, 'Camio', 'Bombeiros de Coina');
insert into meio values(1, 'Camio', 'Bombeiros de Coina');
insert into meio values(2, 'Helicptero', 'Bombeiros de Coina');
insert into meio values(3, 'Camio', 'Bombeiros de Coina');
insert into meio values(4, 'Camio', 'Bombeiros de Coina');
insert into meio values(0, 'Camio', 'Bombeiros de Alcobaa');
insert into meio values(1, 'Ambulncia', 'Bombeiros de Alcobaa');
insert into meio values(2, 'Ambulncia', 'Bombeiros de Alcobaa');
insert into meio values(0, 'Helicptero', 'Bombeiros de Alvor');
insert into meio values(1, 'Helicptero', 'Bombeiros de Alvor');
insert into meio values(2, 'Carrinha', 'Bombeiros de Alvor');
insert into meio values(3, 'Carrinha', 'Bombeiros de Alvor');
insert into meio values(4, 'Camio', 'Bombeiros de Alvor');
insert into meio values(0, 'Camio', 'Junta de Freguesia de Machico');
insert into meio values(1, 'Ambulncia', 'Junta de Freguesia de Machico');
insert into meio values(2, 'Helicptero', 'Junta de Freguesia de Machico');
insert into meio values(0, 'Carrinha', 'Junta de Freguesia de Esmoriz');
insert into meio values(1, 'Helicptero', 'Junta de Freguesia de Esmoriz');
insert into meio values(2, 'Helicptero', 'Junta de Freguesia de Esmoriz');
insert into meio values(0, 'Ambulncia', 'Bombeiros de Horta');
insert into meio values(1, 'Helicptero', 'Bombeiros de Horta');
insert into meio values(2, 'Ambulncia', 'Bombeiros de Horta');
insert into meio values(0, 'Camio', 'Bombeiros de Oliveira do Hospital');
insert into meio values(1, 'Carrinha', 'Bombeiros de Oliveira do Hospital');
insert into meio values(2, 'Ambulncia', 'Bombeiros de Oliveira do Hospital');
insert into meio values(0, 'Carrinha', 'Bombeiros de Santana');
insert into meio values(1, 'Camio', 'Bombeiros de Santana');
insert into meio values(2, 'Camio', 'Bombeiros de Santana');
insert into meio values(0, 'Camio', 'Polcia de So Pedro do Sul');
insert into meio values(1, 'Camio', 'Polcia de So Pedro do Sul');
insert into meio values(2, 'Ambulncia', 'Polcia de So Pedro do Sul');
insert into meio values(3, 'Carrinha', 'Polcia de So Pedro do Sul');
insert into meio values(4, 'Camio', 'Polcia de So Pedro do Sul');
insert into meio values(0, 'Camio', 'Junta de Freguesia de Ovar');
insert into meio values(1, 'Camio', 'Junta de Freguesia de Ovar');
insert into meio values(2, 'Helicptero', 'Junta de Freguesia de Ovar');
insert into meio values(3, 'Helicptero', 'Junta de Freguesia de Ovar');
insert into meio values(4, 'Camio', 'Junta de Freguesia de Ovar');
insert into meio values(0, 'Camio', 'Bombeiros de Loures');
insert into meio values(1, 'Helicptero', 'Bombeiros de Loures');
insert into meio values(2, 'Ambulncia', 'Bombeiros de Loures');
insert into meio values(0, 'Camio', 'Polcia de Alcochete');
insert into meio values(1, 'Ambulncia', 'Polcia de Alcochete');
insert into meio values(2, 'Helicptero', 'Polcia de Alcochete');
insert into meio values(3, 'Carrinha', 'Polcia de Alcochete');
insert into meio values(4, 'Camio', 'Polcia de Alcochete');
insert into meio values(0, 'Camio', 'Bombeiros de Loul');
insert into meio values(1, 'Camio', 'Bombeiros de Loul');
insert into meio values(2, 'Helicptero', 'Bombeiros de Loul');
insert into meio values(3, 'Carrinha', 'Bombeiros de Loul');
insert into meio values(4, 'Ambulncia', 'Bombeiros de Loul');
insert into meio values(0, 'Camio', 'Junta de Freguesia de vora');
insert into meio values(1, 'Helicptero', 'Junta de Freguesia de vora');
insert into meio values(2, 'Helicptero', 'Junta de Freguesia de vora');
insert into meio values(3, 'Carrinha', 'Junta de Freguesia de vora');
insert into meio values(4, 'Helicptero', 'Junta de Freguesia de vora');
insert into meio values(0, 'Ambulncia', 'Junta de Freguesia de Lamego');
insert into meio values(1, 'Ambulncia', 'Junta de Freguesia de Lamego');
insert into meio values(2, 'Camio', 'Junta de Freguesia de Lamego');



insert into meioCombate values(0, 'Bombeiros de Peniche');
insert into meioCombate values(0, 'Junta de Freguesia de Alcobaa');
insert into meioCombate values(1, 'Junta de Freguesia de Alcobaa');
insert into meioCombate values(3, 'Junta de Freguesia de Alcobaa');
insert into meioCombate values(0, 'Polcia de Portalegre');
insert into meioCombate values(3, 'Polcia de Portalegre');
insert into meioCombate values(0, 'Junta de Freguesia de Maia');
insert into meioCombate values(0, 'Polcia de Nazar');
insert into meioCombate values(3, 'Polcia de Nazar');
insert into meioCombate values(0, 'Bombeiros de Alccer do Sal');
insert into meioCombate values(2, 'Bombeiros de Alccer do Sal');
insert into meioCombate values(3, 'Bombeiros de Alccer do Sal');
insert into meioCombate values(0, 'Junta de Freguesia de Tomar');
insert into meioCombate values(3, 'Junta de Freguesia de Tomar');
insert into meioCombate values(0, 'Junta de Freguesia de Sines');
insert into meioCombate values(3, 'Junta de Freguesia de Sines');
insert into meioCombate values(0, 'Bombeiros de Abrantes');
insert into meioCombate values(3, 'Bombeiros de Abrantes');
insert into meioCombate values(0, 'Polcia de Loul');
insert into meioCombate values(3, 'Polcia de Loul');
insert into meioCombate values(0, 'Junta de Freguesia de Olho');
insert into meioCombate values(3, 'Junta de Freguesia de Olho');
insert into meioCombate values(0, 'Junta de Freguesia de Viseu');
insert into meioCombate values(3, 'Junta de Freguesia de Viseu');
insert into meioCombate values(0, 'Polcia de Penafiel');
insert into meioCombate values(0, 'Polcia de Bragana');
insert into meioCombate values(3, 'Polcia de Bragana');
insert into meioCombate values(0, 'Bombeiros de Esmoriz');
insert into meioCombate values(3, 'Bombeiros de Esmoriz');
insert into meioCombate values(0, 'Bombeiros de Sines');
insert into meioCombate values(3, 'Bombeiros de Sines');
insert into meioCombate values(0, 'Polcia de Peniche');
insert into meioCombate values(3, 'Polcia de Peniche');
insert into meioCombate values(0, 'Polcia de Seixal');
insert into meioCombate values(0, 'Bombeiros de Praia da Vitria');
insert into meioCombate values(0, 'Bombeiros de Fundo');
insert into meioCombate values(3, 'Bombeiros de Fundo');
insert into meioCombate values(0, 'Junta de Freguesia de Loures');
insert into meioCombate values(0, 'Bombeiros de Nazar');
insert into meioCombate values(3, 'Bombeiros de Nazar');
insert into meioCombate values(0, 'Bombeiros de Faro');
insert into meioCombate values(1, 'Bombeiros de Faro');
insert into meioCombate values(3, 'Bombeiros de Faro');
insert into meioCombate values(0, 'Bombeiros de Braga');
insert into meioCombate values(3, 'Bombeiros de Braga');
insert into meioCombate values(0, 'Bombeiros de Pombal');
insert into meioCombate values(3, 'Bombeiros de Pombal');
insert into meioCombate values(0, 'Polcia de Tondela');
insert into meioCombate values(1, 'Polcia de Tondela');
insert into meioCombate values(3, 'Polcia de Tondela');
insert into meioCombate values(0, 'Junta de Freguesia de Funchal');
insert into meioCombate values(3, 'Junta de Freguesia de Funchal');
insert into meioCombate values(0, 'Bombeiros de Porto');
insert into meioCombate values(2, 'Bombeiros de Porto');
insert into meioCombate values(3, 'Bombeiros de Porto');
insert into meioCombate values(0, 'Bombeiros de Sintra');
insert into meioCombate values(3, 'Bombeiros de Sintra');
insert into meioCombate values(0, 'Polcia de Machico');
insert into meioCombate values(1, 'Polcia de Machico');
insert into meioCombate values(3, 'Polcia de Machico');
insert into meioCombate values(0, 'Bombeiros de Vizela');
insert into meioCombate values(1, 'Bombeiros de Vizela');
insert into meioCombate values(3, 'Bombeiros de Vizela');
insert into meioCombate values(0, 'Junta de Freguesia de Felgueiras');
insert into meioCombate values(0, 'Polcia de Lagos');
insert into meioCombate values(3, 'Polcia de Lagos');
insert into meioCombate values(0, 'Junta de Freguesia de Faro');
insert into meioCombate values(3, 'Junta de Freguesia de Faro');
insert into meioCombate values(0, 'Junta de Freguesia de Pvoa de Varzim');
insert into meioCombate values(3, 'Junta de Freguesia de Pvoa de Varzim');
insert into meioCombate values(4, 'Junta de Freguesia de Pvoa de Varzim');
insert into meioCombate values(0, 'Polcia de Montijo');
insert into meioCombate values(3, 'Polcia de Montijo');
insert into meioCombate values(0, 'Junta de Freguesia de Portimo');
insert into meioCombate values(3, 'Junta de Freguesia de Portimo');
insert into meioCombate values(0, 'Bombeiros de Viana do Castelo');
insert into meioCombate values(3, 'Bombeiros de Viana do Castelo');
insert into meioCombate values(0, 'Polcia de Valongo');
insert into meioCombate values(3, 'Polcia de Valongo');
insert into meioCombate values(0, 'Junta de Freguesia de Cascais');
insert into meioCombate values(2, 'Junta de Freguesia de Cascais');
insert into meioCombate values(0, 'Polcia de Queluz');
insert into meioCombate values(0, 'Junta de Freguesia de Loul');
insert into meioCombate values(3, 'Junta de Freguesia de Loul');
insert into meioCombate values(0, 'Polcia de Lagoa');
insert into meioCombate values(0, 'Junta de Freguesia de Santo Andr');
insert into meioCombate values(2, 'Junta de Freguesia de Santo Andr');
insert into meioCombate values(0, 'Polcia de Alcobaa');
insert into meioCombate values(0, 'Polcia de gueda');
insert into meioCombate values(2, 'Polcia de gueda');
insert into meioCombate values(3, 'Polcia de gueda');
insert into meioCombate values(0, 'Bombeiros de Olho');
insert into meioCombate values(3, 'Bombeiros de Olho');
insert into meioCombate values(0, 'Junta de Freguesia de Abrantes');
insert into meioCombate values(3, 'Junta de Freguesia de Abrantes');
insert into meioCombate values(0, 'Polcia de Amadora');
insert into meioCombate values(0, 'Polcia de Ovar');
insert into meioCombate values(3, 'Polcia de Ovar');
insert into meioCombate values(0, 'Bombeiros de Lisboa');
insert into meioCombate values(3, 'Bombeiros de Lisboa');
insert into meioCombate values(0, 'Bombeiros de Castro Daire');
insert into meioCombate values(1, 'Bombeiros de Castro Daire');
insert into meioCombate values(3, 'Bombeiros de Castro Daire');
insert into meioCombate values(0, 'Bombeiros de Tondela');
insert into meioCombate values(0, 'Junta de Freguesia de Lixa');
insert into meioCombate values(3, 'Junta de Freguesia de Lixa');
insert into meioCombate values(0, 'Bombeiros de Sagres');
insert into meioCombate values(0, 'Junta de Freguesia de Moura');
insert into meioCombate values(1, 'Junta de Freguesia de Moura');
insert into meioCombate values(3, 'Junta de Freguesia de Moura');
insert into meioCombate values(0, 'Polcia de Coimbra');
insert into meioCombate values(3, 'Polcia de Coimbra');
insert into meioCombate values(0, 'Bombeiros de Vila Real');
insert into meioCombate values(1, 'Bombeiros de Vila Real');
insert into meioCombate values(3, 'Bombeiros de Vila Real');
insert into meioCombate values(0, 'Junta de Freguesia de Gondomar');
insert into meioCombate values(3, 'Junta de Freguesia de Gondomar');
insert into meioCombate values(0, 'Junta de Freguesia de Aveiro');
insert into meioCombate values(0, 'Junta de Freguesia de gueda');
insert into meioCombate values(3, 'Junta de Freguesia de gueda');
insert into meioCombate values(0, 'Junta de Freguesia de Oliveira do Hospital');
insert into meioCombate values(2, 'Junta de Freguesia de Oliveira do Hospital');
insert into meioCombate values(0, 'Junta de Freguesia de Coina');
insert into meioCombate values(3, 'Junta de Freguesia de Coina');
insert into meioCombate values(0, 'Bombeiros de Rio Maior');
insert into meioCombate values(3, 'Bombeiros de Rio Maior');
insert into meioCombate values(0, 'Junta de Freguesia de Vila Nova de Gaia');
insert into meioCombate values(3, 'Junta de Freguesia de Vila Nova de Gaia');
insert into meioCombate values(0, 'Bombeiros de Arcozelo');
insert into meioCombate values(3, 'Bombeiros de Arcozelo');
insert into meioCombate values(0, 'Bombeiros de Lourosa');
insert into meioCombate values(1, 'Bombeiros de Lourosa');
insert into meioCombate values(0, 'Polcia de Lourosa');
insert into meioCombate values(3, 'Polcia de Lourosa');
insert into meioCombate values(0, 'Bombeiros de Cartaxo');
insert into meioCombate values(3, 'Bombeiros de Cartaxo');
insert into meioCombate values(0, 'Bombeiros de Almada');
insert into meioCombate values(3, 'Bombeiros de Almada');
insert into meioCombate values(0, 'Bombeiros de Lagoa');
insert into meioCombate values(0, 'Polcia de Silves');
insert into meioCombate values(0, 'Polcia de Loures');
insert into meioCombate values(0, 'Polcia de Faro');
insert into meioCombate values(3, 'Polcia de Faro');
insert into meioCombate values(0, 'Junta de Freguesia de So Pedro do Sul');
insert into meioCombate values(0, 'Junta de Freguesia de Santana');
insert into meioCombate values(1, 'Junta de Freguesia de Santana');
insert into meioCombate values(3, 'Junta de Freguesia de Santana');
insert into meioCombate values(0, 'Bombeiros de Tavira');
insert into meioCombate values(3, 'Bombeiros de Tavira');
insert into meioCombate values(0, 'Polcia de Alccer do Sal');
insert into meioCombate values(0, 'Polcia de Estarreja');
insert into meioCombate values(3, 'Polcia de Estarreja');
insert into meioCombate values(0, 'Bombeiros de Ftima');
insert into meioCombate values(0, 'Junta de Freguesia de Albufeira');
insert into meioCombate values(3, 'Junta de Freguesia de Albufeira');
insert into meioCombate values(0, 'Polcia de Trancoso');
insert into meioCombate values(0, 'Bombeiros de Redondo');
insert into meioCombate values(2, 'Bombeiros de Redondo');
insert into meioCombate values(0, 'Bombeiros de Portalegre');
insert into meioCombate values(0, 'Junta de Freguesia de Marco de Canavezes');
insert into meioCombate values(2, 'Junta de Freguesia de Marco de Canavezes');
insert into meioCombate values(0, 'Junta de Freguesia de Barreiro');
insert into meioCombate values(3, 'Junta de Freguesia de Barreiro');
insert into meioCombate values(0, 'Bombeiros de Marco de Canavezes');
insert into meioCombate values(0, 'Bombeiros de Coina');
insert into meioCombate values(3, 'Bombeiros de Coina');
insert into meioCombate values(0, 'Bombeiros de Alcobaa');
insert into meioCombate values(0, 'Bombeiros de Alvor');
insert into meioCombate values(3, 'Bombeiros de Alvor');
insert into meioCombate values(0, 'Junta de Freguesia de Machico');
insert into meioCombate values(0, 'Junta de Freguesia de Esmoriz');
insert into meioCombate values(0, 'Bombeiros de Horta');
insert into meioCombate values(0, 'Bombeiros de Oliveira do Hospital');
insert into meioCombate values(0, 'Bombeiros de Santana');
insert into meioCombate values(2, 'Bombeiros de Santana');
insert into meioCombate values(0, 'Polcia de So Pedro do Sul');
insert into meioCombate values(3, 'Polcia de So Pedro do Sul');
insert into meioCombate values(0, 'Junta de Freguesia de Ovar');
insert into meioCombate values(3, 'Junta de Freguesia de Ovar');
insert into meioCombate values(0, 'Bombeiros de Loures');
insert into meioCombate values(0, 'Polcia de Alcochete');
insert into meioCombate values(3, 'Polcia de Alcochete');
insert into meioCombate values(0, 'Bombeiros de Loul');
insert into meioCombate values(3, 'Bombeiros de Loul');
insert into meioCombate values(0, 'Junta de Freguesia de vora');
insert into meioCombate values(3, 'Junta de Freguesia de vora');
insert into meioCombate values(0, 'Junta de Freguesia de Lamego');



insert into meioApoio values(1, 'Bombeiros de Peniche');
insert into meioApoio values(1, 'Junta de Freguesia de Alcobaa');
insert into meioApoio values(3, 'Junta de Freguesia de Alcobaa');
insert into meioApoio values(4, 'Junta de Freguesia de Alcobaa');
insert into meioApoio values(1, 'Polcia de Portalegre');
insert into meioApoio values(4, 'Polcia de Portalegre');
insert into meioApoio values(1, 'Junta de Freguesia de Maia');
insert into meioApoio values(1, 'Polcia de Nazar');
insert into meioApoio values(4, 'Polcia de Nazar');
insert into meioApoio values(1, 'Bombeiros de Alccer do Sal');
insert into meioApoio values(4, 'Bombeiros de Alccer do Sal');
insert into meioApoio values(1, 'Junta de Freguesia de Tomar');
insert into meioApoio values(4, 'Junta de Freguesia de Tomar');
insert into meioApoio values(1, 'Junta de Freguesia de Sines');
insert into meioApoio values(1, 'Bombeiros de Abrantes');
insert into meioApoio values(4, 'Bombeiros de Abrantes');
insert into meioApoio values(1, 'Polcia de Loul');
insert into meioApoio values(1, 'Junta de Freguesia de Olho');
insert into meioApoio values(1, 'Junta de Freguesia de Viseu');
insert into meioApoio values(1, 'Polcia de Penafiel');
insert into meioApoio values(1, 'Polcia de Bragana');
insert into meioApoio values(4, 'Polcia de Bragana');
insert into meioApoio values(1, 'Bombeiros de Esmoriz');
insert into meioApoio values(4, 'Bombeiros de Esmoriz');
insert into meioApoio values(1, 'Bombeiros de Sines');
insert into meioApoio values(1, 'Polcia de Peniche');
insert into meioApoio values(4, 'Polcia de Peniche');
insert into meioApoio values(1, 'Polcia de Seixal');
insert into meioApoio values(1, 'Bombeiros de Praia da Vitria');
insert into meioApoio values(1, 'Bombeiros de Fundo');
insert into meioApoio values(2, 'Bombeiros de Fundo');
insert into meioApoio values(4, 'Bombeiros de Fundo');
insert into meioApoio values(1, 'Junta de Freguesia de Loures');
insert into meioApoio values(1, 'Bombeiros de Nazar');
insert into meioApoio values(1, 'Bombeiros de Faro');
insert into meioApoio values(1, 'Bombeiros de Braga');
insert into meioApoio values(1, 'Bombeiros de Pombal');
insert into meioApoio values(1, 'Polcia de Tondela');
insert into meioApoio values(1, 'Junta de Freguesia de Funchal');
insert into meioApoio values(3, 'Junta de Freguesia de Funchal');
insert into meioApoio values(4, 'Junta de Freguesia de Funchal');
insert into meioApoio values(1, 'Bombeiros de Porto');
insert into meioApoio values(4, 'Bombeiros de Porto');
insert into meioApoio values(1, 'Bombeiros de Sintra');
insert into meioApoio values(1, 'Polcia de Machico');
insert into meioApoio values(1, 'Bombeiros de Vizela');
insert into meioApoio values(1, 'Junta de Freguesia de Felgueiras');
insert into meioApoio values(1, 'Polcia de Lagos');
insert into meioApoio values(2, 'Polcia de Lagos');
insert into meioApoio values(4, 'Polcia de Lagos');
insert into meioApoio values(1, 'Junta de Freguesia de Faro');
insert into meioApoio values(2, 'Junta de Freguesia de Faro');
insert into meioApoio values(4, 'Junta de Freguesia de Faro');
insert into meioApoio values(1, 'Junta de Freguesia de Pvoa de Varzim');
insert into meioApoio values(4, 'Junta de Freguesia de Pvoa de Varzim');
insert into meioApoio values(1, 'Polcia de Montijo');
insert into meioApoio values(4, 'Polcia de Montijo');
insert into meioApoio values(1, 'Junta de Freguesia de Portimo');
insert into meioApoio values(4, 'Junta de Freguesia de Portimo');
insert into meioApoio values(1, 'Bombeiros de Viana do Castelo');
insert into meioApoio values(4, 'Bombeiros de Viana do Castelo');
insert into meioApoio values(1, 'Polcia de Valongo');
insert into meioApoio values(4, 'Polcia de Valongo');
insert into meioApoio values(1, 'Junta de Freguesia de Cascais');
insert into meioApoio values(1, 'Polcia de Queluz');
insert into meioApoio values(2, 'Polcia de Queluz');
insert into meioApoio values(1, 'Junta de Freguesia de Loul');
insert into meioApoio values(4, 'Junta de Freguesia de Loul');
insert into meioApoio values(1, 'Polcia de Lagoa');
insert into meioApoio values(1, 'Junta de Freguesia de Santo Andr');
insert into meioApoio values(1, 'Polcia de Alcobaa');
insert into meioApoio values(1, 'Polcia de gueda');
insert into meioApoio values(4, 'Polcia de gueda');
insert into meioApoio values(1, 'Bombeiros de Olho');
insert into meioApoio values(4, 'Bombeiros de Olho');
insert into meioApoio values(1, 'Junta de Freguesia de Abrantes');
insert into meioApoio values(1, 'Polcia de Amadora');
insert into meioApoio values(1, 'Polcia de Ovar');
insert into meioApoio values(4, 'Polcia de Ovar');
insert into meioApoio values(1, 'Bombeiros de Lisboa');
insert into meioApoio values(4, 'Bombeiros de Lisboa');
insert into meioApoio values(1, 'Bombeiros de Castro Daire');
insert into meioApoio values(2, 'Bombeiros de Castro Daire');
insert into meioApoio values(4, 'Bombeiros de Castro Daire');
insert into meioApoio values(1, 'Bombeiros de Tondela');
insert into meioApoio values(1, 'Junta de Freguesia de Lixa');
insert into meioApoio values(4, 'Junta de Freguesia de Lixa');
insert into meioApoio values(1, 'Bombeiros de Sagres');
insert into meioApoio values(1, 'Junta de Freguesia de Moura');
insert into meioApoio values(1, 'Polcia de Coimbra');
insert into meioApoio values(4, 'Polcia de Coimbra');
insert into meioApoio values(1, 'Bombeiros de Vila Real');
insert into meioApoio values(4, 'Bombeiros de Vila Real');
insert into meioApoio values(1, 'Junta de Freguesia de Gondomar');
insert into meioApoio values(1, 'Junta de Freguesia de Aveiro');
insert into meioApoio values(1, 'Junta de Freguesia de gueda');
insert into meioApoio values(4, 'Junta de Freguesia de gueda');
insert into meioApoio values(1, 'Junta de Freguesia de Oliveira do Hospital');
insert into meioApoio values(1, 'Junta de Freguesia de Coina');
insert into meioApoio values(1, 'Bombeiros de Rio Maior');
insert into meioApoio values(4, 'Bombeiros de Rio Maior');
insert into meioApoio values(1, 'Junta de Freguesia de Vila Nova de Gaia');
insert into meioApoio values(1, 'Bombeiros de Arcozelo');
insert into meioApoio values(4, 'Bombeiros de Arcozelo');
insert into meioApoio values(1, 'Bombeiros de Lourosa');
insert into meioApoio values(1, 'Polcia de Lourosa');
insert into meioApoio values(1, 'Bombeiros de Cartaxo');
insert into meioApoio values(1, 'Bombeiros de Almada');
insert into meioApoio values(1, 'Bombeiros de Lagoa');
insert into meioApoio values(0, 'Polcia de Silves');
insert into meioApoio values(1, 'Polcia de Silves');
insert into meioApoio values(0, 'Polcia de Loures');
insert into meioApoio values(1, 'Polcia de Loures');
insert into meioApoio values(1, 'Polcia de Faro');
insert into meioApoio values(2, 'Polcia de Faro');
insert into meioApoio values(4, 'Polcia de Faro');
insert into meioApoio values(1, 'Junta de Freguesia de So Pedro do Sul');
insert into meioApoio values(1, 'Junta de Freguesia de Santana');
insert into meioApoio values(4, 'Junta de Freguesia de Santana');
insert into meioApoio values(1, 'Bombeiros de Tavira');
insert into meioApoio values(4, 'Bombeiros de Tavira');
insert into meioApoio values(1, 'Polcia de Alccer do Sal');
insert into meioApoio values(1, 'Polcia de Estarreja');
insert into meioApoio values(4, 'Polcia de Estarreja');
insert into meioApoio values(1, 'Bombeiros de Ftima');
insert into meioApoio values(1, 'Junta de Freguesia de Albufeira');
insert into meioApoio values(4, 'Junta de Freguesia de Albufeira');
insert into meioApoio values(1, 'Polcia de Trancoso');
insert into meioApoio values(1, 'Bombeiros de Redondo');
insert into meioApoio values(1, 'Bombeiros de Portalegre');
insert into meioApoio values(1, 'Junta de Freguesia de Marco de Canavezes');
insert into meioApoio values(0, 'Junta de Freguesia de Barreiro');
insert into meioApoio values(1, 'Junta de Freguesia de Barreiro');
insert into meioApoio values(4, 'Junta de Freguesia de Barreiro');
insert into meioApoio values(1, 'Bombeiros de Marco de Canavezes');
insert into meioApoio values(1, 'Bombeiros de Coina');
insert into meioApoio values(4, 'Bombeiros de Coina');
insert into meioApoio values(1, 'Bombeiros de Alcobaa');
insert into meioApoio values(1, 'Bombeiros de Alvor');
insert into meioApoio values(4, 'Bombeiros de Alvor');
insert into meioApoio values(1, 'Junta de Freguesia de Machico');
insert into meioApoio values(1, 'Junta de Freguesia de Esmoriz');
insert into meioApoio values(1, 'Bombeiros de Horta');
insert into meioApoio values(1, 'Bombeiros de Oliveira do Hospital');
insert into meioApoio values(0, 'Bombeiros de Santana');
insert into meioApoio values(1, 'Bombeiros de Santana');
insert into meioApoio values(1, 'Polcia de So Pedro do Sul');
insert into meioApoio values(4, 'Polcia de So Pedro do Sul');
insert into meioApoio values(1, 'Junta de Freguesia de Ovar');
insert into meioApoio values(4, 'Junta de Freguesia de Ovar');
insert into meioApoio values(1, 'Bombeiros de Loures');
insert into meioApoio values(1, 'Polcia de Alcochete');
insert into meioApoio values(4, 'Polcia de Alcochete');
insert into meioApoio values(1, 'Bombeiros de Loul');
insert into meioApoio values(4, 'Bombeiros de Loul');
insert into meioApoio values(1, 'Junta de Freguesia de vora');
insert into meioApoio values(4, 'Junta de Freguesia de vora');
insert into meioApoio values(1, 'Junta de Freguesia de Lamego');



insert into meioSocorro values(2, 'Bombeiros de Peniche');
insert into meioSocorro values(2, 'Junta de Freguesia de Alcobaa');
insert into meioSocorro values(2, 'Polcia de Portalegre');
insert into meioSocorro values(2, 'Junta de Freguesia de Maia');
insert into meioSocorro values(2, 'Polcia de Nazar');
insert into meioSocorro values(2, 'Bombeiros de Alccer do Sal');
insert into meioSocorro values(2, 'Junta de Freguesia de Tomar');
insert into meioSocorro values(4, 'Junta de Freguesia de Tomar');
insert into meioSocorro values(2, 'Junta de Freguesia de Sines');
insert into meioSocorro values(2, 'Bombeiros de Abrantes');
insert into meioSocorro values(2, 'Polcia de Loul');
insert into meioSocorro values(1, 'Junta de Freguesia de Olho');
insert into meioSocorro values(2, 'Junta de Freguesia de Olho');
insert into meioSocorro values(2, 'Junta de Freguesia de Viseu');
insert into meioSocorro values(2, 'Polcia de Penafiel');
insert into meioSocorro values(2, 'Polcia de Bragana');
insert into meioSocorro values(2, 'Bombeiros de Esmoriz');
insert into meioSocorro values(2, 'Bombeiros de Sines');
insert into meioSocorro values(2, 'Polcia de Peniche');
insert into meioSocorro values(2, 'Polcia de Seixal');
insert into meioSocorro values(2, 'Bombeiros de Praia da Vitria');
insert into meioSocorro values(2, 'Bombeiros de Fundo');
insert into meioSocorro values(2, 'Junta de Freguesia de Loures');
insert into meioSocorro values(2, 'Bombeiros de Nazar');
insert into meioSocorro values(2, 'Bombeiros de Faro');
insert into meioSocorro values(2, 'Bombeiros de Braga');
insert into meioSocorro values(1, 'Bombeiros de Pombal');
insert into meioSocorro values(2, 'Bombeiros de Pombal');
insert into meioSocorro values(2, 'Polcia de Tondela');
insert into meioSocorro values(2, 'Junta de Freguesia de Funchal');
insert into meioSocorro values(2, 'Bombeiros de Porto');
insert into meioSocorro values(2, 'Bombeiros de Sintra');
insert into meioSocorro values(2, 'Polcia de Machico');
insert into meioSocorro values(2, 'Bombeiros de Vizela');
insert into meioSocorro values(0, 'Junta de Freguesia de Felgueiras');
insert into meioSocorro values(2, 'Junta de Freguesia de Felgueiras');
insert into meioSocorro values(2, 'Polcia de Lagos');
insert into meioSocorro values(2, 'Junta de Freguesia de Faro');
insert into meioSocorro values(2, 'Junta de Freguesia de Pvoa de Varzim');
insert into meioSocorro values(1, 'Polcia de Montijo');
insert into meioSocorro values(2, 'Polcia de Montijo');
insert into meioSocorro values(2, 'Junta de Freguesia de Portimo');
insert into meioSocorro values(2, 'Bombeiros de Viana do Castelo');
insert into meioSocorro values(2, 'Polcia de Valongo');
insert into meioSocorro values(2, 'Junta de Freguesia de Cascais');
insert into meioSocorro values(2, 'Polcia de Queluz');
insert into meioSocorro values(2, 'Junta de Freguesia de Loul');
insert into meioSocorro values(2, 'Polcia de Lagoa');
insert into meioSocorro values(2, 'Junta de Freguesia de Santo Andr');
insert into meioSocorro values(2, 'Polcia de Alcobaa');
insert into meioSocorro values(1, 'Polcia de gueda');
insert into meioSocorro values(2, 'Polcia de gueda');
insert into meioSocorro values(2, 'Bombeiros de Olho');
insert into meioSocorro values(2, 'Junta de Freguesia de Abrantes');
insert into meioSocorro values(1, 'Polcia de Amadora');
insert into meioSocorro values(2, 'Polcia de Amadora');
insert into meioSocorro values(2, 'Polcia de Ovar');
insert into meioSocorro values(2, 'Bombeiros de Lisboa');
insert into meioSocorro values(2, 'Bombeiros de Castro Daire');
insert into meioSocorro values(2, 'Bombeiros de Tondela');
insert into meioSocorro values(2, 'Junta de Freguesia de Lixa');
insert into meioSocorro values(2, 'Bombeiros de Sagres');
insert into meioSocorro values(2, 'Junta de Freguesia de Moura');
insert into meioSocorro values(2, 'Polcia de Coimbra');
insert into meioSocorro values(3, 'Polcia de Coimbra');
insert into meioSocorro values(2, 'Bombeiros de Vila Real');
insert into meioSocorro values(0, 'Junta de Freguesia de Gondomar');
insert into meioSocorro values(2, 'Junta de Freguesia de Gondomar');
insert into meioSocorro values(2, 'Junta de Freguesia de Aveiro');
insert into meioSocorro values(0, 'Junta de Freguesia de gueda');
insert into meioSocorro values(2, 'Junta de Freguesia de gueda');
insert into meioSocorro values(0, 'Junta de Freguesia de Oliveira do Hospital');
insert into meioSocorro values(2, 'Junta de Freguesia de Oliveira do Hospital');
insert into meioSocorro values(2, 'Junta de Freguesia de Coina');
insert into meioSocorro values(2, 'Bombeiros de Rio Maior');
insert into meioSocorro values(2, 'Junta de Freguesia de Vila Nova de Gaia');
insert into meioSocorro values(0, 'Bombeiros de Arcozelo');
insert into meioSocorro values(2, 'Bombeiros de Arcozelo');
insert into meioSocorro values(2, 'Bombeiros de Lourosa');
insert into meioSocorro values(2, 'Polcia de Lourosa');
insert into meioSocorro values(0, 'Bombeiros de Cartaxo');
insert into meioSocorro values(2, 'Bombeiros de Cartaxo');
insert into meioSocorro values(2, 'Bombeiros de Almada');
insert into meioSocorro values(2, 'Bombeiros de Lagoa');
insert into meioSocorro values(2, 'Polcia de Silves');
insert into meioSocorro values(2, 'Polcia de Loures');
insert into meioSocorro values(2, 'Polcia de Faro');
insert into meioSocorro values(2, 'Junta de Freguesia de So Pedro do Sul');
insert into meioSocorro values(2, 'Junta de Freguesia de Santana');
insert into meioSocorro values(3, 'Junta de Freguesia de Santana');
insert into meioSocorro values(2, 'Bombeiros de Tavira');
insert into meioSocorro values(3, 'Bombeiros de Tavira');
insert into meioSocorro values(2, 'Polcia de Alccer do Sal');
insert into meioSocorro values(2, 'Polcia de Estarreja');
insert into meioSocorro values(2, 'Bombeiros de Ftima');
insert into meioSocorro values(2, 'Junta de Freguesia de Albufeira');
insert into meioSocorro values(1, 'Polcia de Trancoso');
insert into meioSocorro values(2, 'Polcia de Trancoso');
insert into meioSocorro values(2, 'Bombeiros de Redondo');
insert into meioSocorro values(2, 'Bombeiros de Portalegre');
insert into meioSocorro values(2, 'Junta de Freguesia de Marco de Canavezes');
insert into meioSocorro values(2, 'Junta de Freguesia de Barreiro');
insert into meioSocorro values(2, 'Bombeiros de Marco de Canavezes');
insert into meioSocorro values(2, 'Bombeiros de Coina');
insert into meioSocorro values(2, 'Bombeiros de Alcobaa');
insert into meioSocorro values(2, 'Bombeiros de Alvor');
insert into meioSocorro values(2, 'Junta de Freguesia de Machico');
insert into meioSocorro values(2, 'Junta de Freguesia de Esmoriz');
insert into meioSocorro values(2, 'Bombeiros de Horta');
insert into meioSocorro values(2, 'Bombeiros de Oliveira do Hospital');
insert into meioSocorro values(2, 'Bombeiros de Santana');
insert into meioSocorro values(2, 'Polcia de So Pedro do Sul');
insert into meioSocorro values(2, 'Junta de Freguesia de Ovar');
insert into meioSocorro values(2, 'Bombeiros de Loures');
insert into meioSocorro values(2, 'Polcia de Alcochete');
insert into meioSocorro values(3, 'Polcia de Alcochete');
insert into meioSocorro values(4, 'Polcia de Alcochete');
insert into meioSocorro values(2, 'Bombeiros de Loul');
insert into meioSocorro values(2, 'Junta de Freguesia de vora');
insert into meioSocorro values(0, 'Junta de Freguesia de Lamego');
insert into meioSocorro values(2, 'Junta de Freguesia de Lamego');



insert into transporta values(2, 'Junta de Freguesia de Lamego', 18, 0);
insert into transporta values(2, 'Bombeiros de Peniche', 19, 0);
insert into transporta values(2, 'Bombeiros de Peniche', 11, 1);
insert into transporta values(2, 'Junta de Freguesia de Alcobaa', 6, 1);
insert into transporta values(2, 'Junta de Freguesia de Alcobaa', 18, 2);
insert into transporta values(2, 'Polcia de Portalegre', 12, 2);
insert into transporta values(2, 'Polcia de Portalegre', 20, 3);
insert into transporta values(2, 'Junta de Freguesia de Maia', 5, 3);
insert into transporta values(2, 'Junta de Freguesia de Maia', 18, 4);
insert into transporta values(2, 'Polcia de Nazar', 10, 4);
insert into transporta values(2, 'Polcia de Nazar', 10, 5);
insert into transporta values(2, 'Bombeiros de Alccer do Sal', 7, 5);
insert into transporta values(2, 'Bombeiros de Alccer do Sal', 19, 6);
insert into transporta values(2, 'Junta de Freguesia de Tomar', 16, 6);
insert into transporta values(2, 'Junta de Freguesia de Tomar', 11, 7);
insert into transporta values(4, 'Junta de Freguesia de Tomar', 16, 7);
insert into transporta values(4, 'Junta de Freguesia de Tomar', 7, 8);
insert into transporta values(2, 'Junta de Freguesia de Sines', 17, 8);
insert into transporta values(2, 'Junta de Freguesia de Sines', 19, 9);
insert into transporta values(2, 'Bombeiros de Abrantes', 10, 9);
insert into transporta values(2, 'Bombeiros de Abrantes', 13, 10);
insert into transporta values(2, 'Polcia de Loul', 18, 10);
insert into transporta values(2, 'Polcia de Loul', 16, 11);
insert into transporta values(1, 'Junta de Freguesia de Olho', 18, 11);
insert into transporta values(1, 'Junta de Freguesia de Olho', 13, 12);
insert into transporta values(2, 'Junta de Freguesia de Olho', 19, 12);
insert into transporta values(2, 'Junta de Freguesia de Olho', 6, 13);
insert into transporta values(2, 'Junta de Freguesia de Viseu', 10, 13);
insert into transporta values(2, 'Junta de Freguesia de Viseu', 7, 14);
insert into transporta values(2, 'Polcia de Penafiel', 7, 14);
insert into transporta values(2, 'Polcia de Penafiel', 8, 15);
insert into transporta values(2, 'Polcia de Bragana', 14, 15);
insert into transporta values(2, 'Polcia de Bragana', 13, 16);
insert into transporta values(2, 'Bombeiros de Esmoriz', 10, 16);
insert into transporta values(2, 'Bombeiros de Esmoriz', 17, 17);
insert into transporta values(2, 'Bombeiros de Sines', 14, 17);
insert into transporta values(2, 'Bombeiros de Sines', 12, 18);
insert into transporta values(2, 'Polcia de Peniche', 15, 18);
insert into transporta values(2, 'Polcia de Peniche', 5, 19);
insert into transporta values(2, 'Polcia de Seixal', 14, 19);
insert into transporta values(2, 'Polcia de Seixal', 19, 20);
insert into transporta values(2, 'Bombeiros de Praia da Vitria', 12, 20);
insert into transporta values(2, 'Bombeiros de Praia da Vitria', 19, 21);
insert into transporta values(2, 'Bombeiros de Fundo', 20, 21);
insert into transporta values(2, 'Bombeiros de Fundo', 20, 22);
insert into transporta values(2, 'Junta de Freguesia de Loures', 19, 22);
insert into transporta values(2, 'Junta de Freguesia de Loures', 5, 23);
insert into transporta values(2, 'Bombeiros de Nazar', 14, 23);
insert into transporta values(2, 'Bombeiros de Nazar', 16, 24);
insert into transporta values(2, 'Bombeiros de Faro', 18, 24);
insert into transporta values(2, 'Bombeiros de Faro', 13, 25);
insert into transporta values(2, 'Bombeiros de Braga', 17, 25);
insert into transporta values(2, 'Bombeiros de Braga', 5, 26);
insert into transporta values(1, 'Bombeiros de Pombal', 8, 26);
insert into transporta values(1, 'Bombeiros de Pombal', 6, 27);
insert into transporta values(2, 'Bombeiros de Pombal', 10, 27);
insert into transporta values(2, 'Bombeiros de Pombal', 11, 28);
insert into transporta values(2, 'Polcia de Tondela', 17, 28);
insert into transporta values(2, 'Polcia de Tondela', 8, 29);
insert into transporta values(2, 'Junta de Freguesia de Funchal', 11, 29);
insert into transporta values(2, 'Junta de Freguesia de Funchal', 7, 30);
insert into transporta values(2, 'Bombeiros de Porto', 6, 30);
insert into transporta values(2, 'Bombeiros de Porto', 8, 31);
insert into transporta values(2, 'Bombeiros de Sintra', 6, 31);
insert into transporta values(2, 'Bombeiros de Sintra', 7, 32);
insert into transporta values(2, 'Polcia de Machico', 20, 32);
insert into transporta values(2, 'Polcia de Machico', 10, 33);
insert into transporta values(2, 'Bombeiros de Vizela', 19, 33);
insert into transporta values(2, 'Bombeiros de Vizela', 5, 34);
insert into transporta values(0, 'Junta de Freguesia de Felgueiras', 14, 34);
insert into transporta values(0, 'Junta de Freguesia de Felgueiras', 15, 35);
insert into transporta values(2, 'Junta de Freguesia de Felgueiras', 14, 35);
insert into transporta values(2, 'Junta de Freguesia de Felgueiras', 11, 36);
insert into transporta values(2, 'Polcia de Lagos', 5, 36);
insert into transporta values(2, 'Polcia de Lagos', 11, 37);
insert into transporta values(2, 'Junta de Freguesia de Faro', 9, 37);
insert into transporta values(2, 'Junta de Freguesia de Faro', 12, 38);
insert into transporta values(2, 'Junta de Freguesia de Pvoa de Varzim', 6, 38);
insert into transporta values(2, 'Junta de Freguesia de Pvoa de Varzim', 15, 39);
insert into transporta values(1, 'Polcia de Montijo', 5, 39);
insert into transporta values(1, 'Polcia de Montijo', 12, 40);
insert into transporta values(2, 'Polcia de Montijo', 6, 40);
insert into transporta values(2, 'Polcia de Montijo', 5, 41);
insert into transporta values(2, 'Junta de Freguesia de Portimo', 16, 41);
insert into transporta values(2, 'Junta de Freguesia de Portimo', 19, 42);
insert into transporta values(2, 'Bombeiros de Viana do Castelo', 15, 42);
insert into transporta values(2, 'Bombeiros de Viana do Castelo', 7, 43);
insert into transporta values(2, 'Polcia de Valongo', 20, 43);
insert into transporta values(2, 'Polcia de Valongo', 18, 44);
insert into transporta values(2, 'Junta de Freguesia de Cascais', 13, 44);
insert into transporta values(2, 'Junta de Freguesia de Cascais', 10, 45);
insert into transporta values(2, 'Polcia de Queluz', 8, 45);
insert into transporta values(2, 'Polcia de Queluz', 12, 46);
insert into transporta values(2, 'Junta de Freguesia de Loul', 9, 46);
insert into transporta values(2, 'Junta de Freguesia de Loul', 5, 47);
insert into transporta values(2, 'Polcia de Lagoa', 15, 47);
insert into transporta values(2, 'Polcia de Lagoa', 5, 48);
insert into transporta values(2, 'Junta de Freguesia de Santo Andr', 14, 48);
insert into transporta values(2, 'Junta de Freguesia de Santo Andr', 5, 49);
insert into transporta values(2, 'Polcia de Alcobaa', 6, 49);
insert into transporta values(2, 'Polcia de Alcobaa', 14, 50);
insert into transporta values(1, 'Polcia de gueda', 13, 50);
insert into transporta values(1, 'Polcia de gueda', 12, 51);
insert into transporta values(2, 'Polcia de gueda', 12, 51);
insert into transporta values(2, 'Polcia de gueda', 20, 52);
insert into transporta values(2, 'Bombeiros de Olho', 7, 52);
insert into transporta values(2, 'Bombeiros de Olho', 16, 53);
insert into transporta values(2, 'Junta de Freguesia de Abrantes', 12, 53);
insert into transporta values(2, 'Junta de Freguesia de Abrantes', 12, 54);
insert into transporta values(1, 'Polcia de Amadora', 10, 54);
insert into transporta values(1, 'Polcia de Amadora', 15, 55);
insert into transporta values(2, 'Polcia de Amadora', 17, 55);
insert into transporta values(2, 'Polcia de Amadora', 5, 56);
insert into transporta values(2, 'Polcia de Ovar', 15, 56);
insert into transporta values(2, 'Polcia de Ovar', 19, 57);
insert into transporta values(2, 'Bombeiros de Lisboa', 11, 57);
insert into transporta values(2, 'Bombeiros de Lisboa', 9, 58);
insert into transporta values(2, 'Bombeiros de Castro Daire', 7, 58);
insert into transporta values(2, 'Bombeiros de Castro Daire', 10, 59);
insert into transporta values(2, 'Bombeiros de Tondela', 18, 59);
insert into transporta values(2, 'Bombeiros de Tondela', 6, 60);
insert into transporta values(2, 'Junta de Freguesia de Lixa', 11, 60);
insert into transporta values(2, 'Junta de Freguesia de Lixa', 17, 61);
insert into transporta values(2, 'Bombeiros de Sagres', 11, 61);
insert into transporta values(2, 'Bombeiros de Sagres', 6, 62);
insert into transporta values(2, 'Junta de Freguesia de Moura', 5, 62);
insert into transporta values(2, 'Junta de Freguesia de Moura', 17, 63);
insert into transporta values(2, 'Polcia de Coimbra', 11, 63);
insert into transporta values(2, 'Polcia de Coimbra', 14, 64);
insert into transporta values(3, 'Polcia de Coimbra', 13, 64);
insert into transporta values(3, 'Polcia de Coimbra', 13, 65);
insert into transporta values(2, 'Bombeiros de Vila Real', 14, 65);
insert into transporta values(2, 'Bombeiros de Vila Real', 5, 66);
insert into transporta values(0, 'Junta de Freguesia de Gondomar', 10, 66);
insert into transporta values(0, 'Junta de Freguesia de Gondomar', 12, 67);
insert into transporta values(2, 'Junta de Freguesia de Gondomar', 14, 67);
insert into transporta values(2, 'Junta de Freguesia de Gondomar', 13, 68);
insert into transporta values(2, 'Junta de Freguesia de Aveiro', 12, 68);
insert into transporta values(2, 'Junta de Freguesia de Aveiro', 7, 69);
insert into transporta values(0, 'Junta de Freguesia de gueda', 10, 69);
insert into transporta values(0, 'Junta de Freguesia de gueda', 15, 70);
insert into transporta values(2, 'Junta de Freguesia de gueda', 10, 70);
insert into transporta values(2, 'Junta de Freguesia de gueda', 19, 71);
insert into transporta values(0, 'Junta de Freguesia de Oliveira do Hospital', 18, 71);
insert into transporta values(0, 'Junta de Freguesia de Oliveira do Hospital', 12, 72);
insert into transporta values(2, 'Junta de Freguesia de Oliveira do Hospital', 13, 72);
insert into transporta values(2, 'Junta de Freguesia de Oliveira do Hospital', 19, 73);
insert into transporta values(2, 'Junta de Freguesia de Coina', 11, 73);
insert into transporta values(2, 'Junta de Freguesia de Coina', 10, 74);
insert into transporta values(2, 'Bombeiros de Rio Maior', 9, 74);
insert into transporta values(2, 'Bombeiros de Rio Maior', 12, 75);
insert into transporta values(2, 'Junta de Freguesia de Vila Nova de Gaia', 16, 75);
insert into transporta values(2, 'Junta de Freguesia de Vila Nova de Gaia', 12, 76);
insert into transporta values(0, 'Bombeiros de Arcozelo', 7, 76);
insert into transporta values(0, 'Bombeiros de Arcozelo', 15, 77);
insert into transporta values(2, 'Bombeiros de Arcozelo', 6, 77);
insert into transporta values(2, 'Bombeiros de Arcozelo', 12, 78);
insert into transporta values(2, 'Bombeiros de Lourosa', 15, 78);
insert into transporta values(2, 'Bombeiros de Lourosa', 16, 79);
insert into transporta values(2, 'Polcia de Lourosa', 18, 79);
insert into transporta values(2, 'Polcia de Lourosa', 16, 80);
insert into transporta values(0, 'Bombeiros de Cartaxo', 12, 80);
insert into transporta values(0, 'Bombeiros de Cartaxo', 15, 81);
insert into transporta values(2, 'Bombeiros de Cartaxo', 8, 81);
insert into transporta values(2, 'Bombeiros de Cartaxo', 15, 82);
insert into transporta values(2, 'Bombeiros de Almada', 17, 82);
insert into transporta values(2, 'Bombeiros de Almada', 11, 83);
insert into transporta values(2, 'Bombeiros de Lagoa', 18, 83);
insert into transporta values(2, 'Bombeiros de Lagoa', 7, 84);
insert into transporta values(2, 'Polcia de Silves', 19, 84);
insert into transporta values(2, 'Polcia de Silves', 8, 85);
insert into transporta values(2, 'Polcia de Loures', 18, 85);
insert into transporta values(2, 'Polcia de Loures', 13, 86);
insert into transporta values(2, 'Polcia de Faro', 12, 86);
insert into transporta values(2, 'Polcia de Faro', 18, 87);
insert into transporta values(2, 'Junta de Freguesia de So Pedro do Sul', 5, 87);
insert into transporta values(2, 'Junta de Freguesia de So Pedro do Sul', 15, 88);
insert into transporta values(2, 'Junta de Freguesia de Santana', 11, 88);
insert into transporta values(2, 'Junta de Freguesia de Santana', 20, 89);
insert into transporta values(3, 'Junta de Freguesia de Santana', 7, 89);
insert into transporta values(3, 'Junta de Freguesia de Santana', 5, 90);
insert into transporta values(2, 'Bombeiros de Tavira', 12, 90);
insert into transporta values(2, 'Bombeiros de Tavira', 14, 91);
insert into transporta values(3, 'Bombeiros de Tavira', 19, 91);
insert into transporta values(3, 'Bombeiros de Tavira', 13, 92);
insert into transporta values(2, 'Polcia de Alccer do Sal', 16, 92);
insert into transporta values(2, 'Polcia de Alccer do Sal', 7, 93);
insert into transporta values(2, 'Polcia de Estarreja', 15, 93);
insert into transporta values(2, 'Polcia de Estarreja', 7, 94);
insert into transporta values(2, 'Bombeiros de Ftima', 8, 94);
insert into transporta values(2, 'Bombeiros de Ftima', 15, 95);
insert into transporta values(2, 'Junta de Freguesia de Albufeira', 7, 95);
insert into transporta values(2, 'Junta de Freguesia de Albufeira', 9, 96);
insert into transporta values(1, 'Polcia de Trancoso', 17, 96);
insert into transporta values(1, 'Polcia de Trancoso', 20, 97);
insert into transporta values(2, 'Polcia de Trancoso', 19, 97);
insert into transporta values(2, 'Polcia de Trancoso', 5, 98);
insert into transporta values(2, 'Bombeiros de Redondo', 16, 98);
insert into transporta values(2, 'Bombeiros de Redondo', 5, 99);
insert into transporta values(2, 'Bombeiros de Portalegre', 20, 99);
insert into transporta values(2, 'Bombeiros de Portalegre', 6, 100);
insert into transporta values(2, 'Junta de Freguesia de Marco de Canavezes', 14, 100);
insert into transporta values(2, 'Junta de Freguesia de Marco de Canavezes', 17, 101);
insert into transporta values(2, 'Junta de Freguesia de Barreiro', 19, 101);



insert into alocado values(1, 'Junta de Freguesia de Lamego', 10, 0);
insert into alocado values(1, 'Bombeiros de Peniche', 9, 0);
insert into alocado values(1, 'Bombeiros de Peniche', 4, 1);
insert into alocado values(1, 'Junta de Freguesia de Alcobaa', 9, 1);
insert into alocado values(1, 'Junta de Freguesia de Alcobaa', 5, 2);
insert into alocado values(3, 'Junta de Freguesia de Alcobaa', 3, 2);
insert into alocado values(3, 'Junta de Freguesia de Alcobaa', 1, 3);
insert into alocado values(4, 'Junta de Freguesia de Alcobaa', 9, 3);
insert into alocado values(4, 'Junta de Freguesia de Alcobaa', 9, 4);
insert into alocado values(1, 'Polcia de Portalegre', 8, 4);
insert into alocado values(1, 'Polcia de Portalegre', 5, 5);
insert into alocado values(4, 'Polcia de Portalegre', 7, 5);
insert into alocado values(4, 'Polcia de Portalegre', 4, 6);
insert into alocado values(1, 'Junta de Freguesia de Maia', 1, 6);
insert into alocado values(1, 'Junta de Freguesia de Maia', 8, 7);
insert into alocado values(1, 'Polcia de Nazar', 3, 7);
insert into alocado values(1, 'Polcia de Nazar', 1, 8);
insert into alocado values(4, 'Polcia de Nazar', 9, 8);
insert into alocado values(4, 'Polcia de Nazar', 7, 9);
insert into alocado values(1, 'Bombeiros de Alccer do Sal', 9, 9);
insert into alocado values(1, 'Bombeiros de Alccer do Sal', 9, 10);
insert into alocado values(4, 'Bombeiros de Alccer do Sal', 9, 10);
insert into alocado values(4, 'Bombeiros de Alccer do Sal', 10, 11);
insert into alocado values(1, 'Junta de Freguesia de Tomar', 4, 11);
insert into alocado values(1, 'Junta de Freguesia de Tomar', 2, 12);
insert into alocado values(4, 'Junta de Freguesia de Tomar', 1, 12);
insert into alocado values(4, 'Junta de Freguesia de Tomar', 4, 13);
insert into alocado values(1, 'Junta de Freguesia de Sines', 4, 13);
insert into alocado values(1, 'Junta de Freguesia de Sines', 5, 14);
insert into alocado values(1, 'Bombeiros de Abrantes', 8, 14);
insert into alocado values(1, 'Bombeiros de Abrantes', 2, 15);
insert into alocado values(4, 'Bombeiros de Abrantes', 3, 15);
insert into alocado values(4, 'Bombeiros de Abrantes', 8, 16);
insert into alocado values(1, 'Polcia de Loul', 8, 16);
insert into alocado values(1, 'Polcia de Loul', 4, 17);
insert into alocado values(1, 'Junta de Freguesia de Olho', 4, 17);
insert into alocado values(1, 'Junta de Freguesia de Olho', 7, 18);
insert into alocado values(1, 'Junta de Freguesia de Viseu', 6, 18);
insert into alocado values(1, 'Junta de Freguesia de Viseu', 4, 19);
insert into alocado values(1, 'Polcia de Penafiel', 10, 19);
insert into alocado values(1, 'Polcia de Penafiel', 5, 20);
insert into alocado values(1, 'Polcia de Bragana', 3, 20);
insert into alocado values(1, 'Polcia de Bragana', 10, 21);
insert into alocado values(4, 'Polcia de Bragana', 3, 21);
insert into alocado values(4, 'Polcia de Bragana', 4, 22);
insert into alocado values(1, 'Bombeiros de Esmoriz', 10, 22);
insert into alocado values(1, 'Bombeiros de Esmoriz', 5, 23);
insert into alocado values(4, 'Bombeiros de Esmoriz', 8, 23);
insert into alocado values(4, 'Bombeiros de Esmoriz', 6, 24);
insert into alocado values(1, 'Bombeiros de Sines', 1, 24);
insert into alocado values(1, 'Bombeiros de Sines', 7, 25);
insert into alocado values(1, 'Polcia de Peniche', 7, 25);
insert into alocado values(1, 'Polcia de Peniche', 10, 26);
insert into alocado values(4, 'Polcia de Peniche', 5, 26);
insert into alocado values(4, 'Polcia de Peniche', 8, 27);
insert into alocado values(1, 'Polcia de Seixal', 1, 27);
insert into alocado values(1, 'Polcia de Seixal', 8, 28);
insert into alocado values(1, 'Bombeiros de Praia da Vitria', 3, 28);
insert into alocado values(1, 'Bombeiros de Praia da Vitria', 10, 29);
insert into alocado values(1, 'Bombeiros de Fundo', 8, 29);
insert into alocado values(1, 'Bombeiros de Fundo', 5, 30);
insert into alocado values(2, 'Bombeiros de Fundo', 2, 30);
insert into alocado values(2, 'Bombeiros de Fundo', 5, 31);
insert into alocado values(4, 'Bombeiros de Fundo', 2, 31);
insert into alocado values(4, 'Bombeiros de Fundo', 7, 32);
insert into alocado values(1, 'Junta de Freguesia de Loures', 2, 32);
insert into alocado values(1, 'Junta de Freguesia de Loures', 7, 33);
insert into alocado values(1, 'Bombeiros de Nazar', 8, 33);
insert into alocado values(1, 'Bombeiros de Nazar', 2, 34);
insert into alocado values(1, 'Bombeiros de Faro', 7, 34);
insert into alocado values(1, 'Bombeiros de Faro', 7, 35);
insert into alocado values(1, 'Bombeiros de Braga', 5, 35);
insert into alocado values(1, 'Bombeiros de Braga', 10, 36);
insert into alocado values(1, 'Bombeiros de Pombal', 6, 36);
insert into alocado values(1, 'Bombeiros de Pombal', 3, 37);
insert into alocado values(1, 'Polcia de Tondela', 2, 37);
insert into alocado values(1, 'Polcia de Tondela', 4, 38);
insert into alocado values(1, 'Junta de Freguesia de Funchal', 5, 38);
insert into alocado values(1, 'Junta de Freguesia de Funchal', 4, 39);
insert into alocado values(3, 'Junta de Freguesia de Funchal', 7, 39);
insert into alocado values(3, 'Junta de Freguesia de Funchal', 6, 40);
insert into alocado values(4, 'Junta de Freguesia de Funchal', 7, 40);
insert into alocado values(4, 'Junta de Freguesia de Funchal', 7, 41);
insert into alocado values(1, 'Bombeiros de Porto', 7, 41);
insert into alocado values(1, 'Bombeiros de Porto', 3, 42);
insert into alocado values(4, 'Bombeiros de Porto', 2, 42);
insert into alocado values(4, 'Bombeiros de Porto', 8, 43);
insert into alocado values(1, 'Bombeiros de Sintra', 1, 43);
insert into alocado values(1, 'Bombeiros de Sintra', 6, 44);
insert into alocado values(1, 'Polcia de Machico', 1, 44);
insert into alocado values(1, 'Polcia de Machico', 1, 45);
insert into alocado values(1, 'Bombeiros de Vizela', 7, 45);
insert into alocado values(1, 'Bombeiros de Vizela', 5, 46);
insert into alocado values(1, 'Junta de Freguesia de Felgueiras', 4, 46);
insert into alocado values(1, 'Junta de Freguesia de Felgueiras', 10, 47);
insert into alocado values(1, 'Polcia de Lagos', 1, 47);
insert into alocado values(1, 'Polcia de Lagos', 1, 48);
insert into alocado values(2, 'Polcia de Lagos', 5, 48);
insert into alocado values(2, 'Polcia de Lagos', 9, 49);
insert into alocado values(4, 'Polcia de Lagos', 8, 49);
insert into alocado values(4, 'Polcia de Lagos', 5, 50);
insert into alocado values(1, 'Junta de Freguesia de Faro', 2, 50);
insert into alocado values(1, 'Junta de Freguesia de Faro', 7, 51);
insert into alocado values(2, 'Junta de Freguesia de Faro', 10, 51);
insert into alocado values(2, 'Junta de Freguesia de Faro', 5, 52);
insert into alocado values(4, 'Junta de Freguesia de Faro', 8, 52);
insert into alocado values(4, 'Junta de Freguesia de Faro', 10, 53);
insert into alocado values(1, 'Junta de Freguesia de Pvoa de Varzim', 8, 53);
insert into alocado values(1, 'Junta de Freguesia de Pvoa de Varzim', 8, 54);
insert into alocado values(4, 'Junta de Freguesia de Pvoa de Varzim', 9, 54);
insert into alocado values(4, 'Junta de Freguesia de Pvoa de Varzim', 4, 55);
insert into alocado values(1, 'Polcia de Montijo', 5, 55);
insert into alocado values(1, 'Polcia de Montijo', 8, 56);
insert into alocado values(4, 'Polcia de Montijo', 3, 56);
insert into alocado values(4, 'Polcia de Montijo', 4, 57);
insert into alocado values(1, 'Junta de Freguesia de Portimo', 8, 57);
insert into alocado values(1, 'Junta de Freguesia de Portimo', 8, 58);
insert into alocado values(4, 'Junta de Freguesia de Portimo', 8, 58);
insert into alocado values(4, 'Junta de Freguesia de Portimo', 1, 59);
insert into alocado values(1, 'Bombeiros de Viana do Castelo', 2, 59);
insert into alocado values(1, 'Bombeiros de Viana do Castelo', 8, 60);
insert into alocado values(4, 'Bombeiros de Viana do Castelo', 7, 60);
insert into alocado values(4, 'Bombeiros de Viana do Castelo', 9, 61);
insert into alocado values(1, 'Polcia de Valongo', 7, 61);
insert into alocado values(1, 'Polcia de Valongo', 3, 62);
insert into alocado values(4, 'Polcia de Valongo', 7, 62);
insert into alocado values(4, 'Polcia de Valongo', 6, 63);
insert into alocado values(1, 'Junta de Freguesia de Cascais', 3, 63);
insert into alocado values(1, 'Junta de Freguesia de Cascais', 8, 64);
insert into alocado values(1, 'Polcia de Queluz', 3, 64);
insert into alocado values(1, 'Polcia de Queluz', 8, 65);
insert into alocado values(2, 'Polcia de Queluz', 9, 65);
insert into alocado values(2, 'Polcia de Queluz', 3, 66);
insert into alocado values(1, 'Junta de Freguesia de Loul', 7, 66);
insert into alocado values(1, 'Junta de Freguesia de Loul', 6, 67);
insert into alocado values(4, 'Junta de Freguesia de Loul', 2, 67);
insert into alocado values(4, 'Junta de Freguesia de Loul', 5, 68);
insert into alocado values(1, 'Polcia de Lagoa', 1, 68);
insert into alocado values(1, 'Polcia de Lagoa', 3, 69);
insert into alocado values(1, 'Junta de Freguesia de Santo Andr', 1, 69);
insert into alocado values(1, 'Junta de Freguesia de Santo Andr', 2, 70);
insert into alocado values(1, 'Polcia de Alcobaa', 1, 70);
insert into alocado values(1, 'Polcia de Alcobaa', 3, 71);
insert into alocado values(1, 'Polcia de gueda', 10, 71);
insert into alocado values(1, 'Polcia de gueda', 1, 72);
insert into alocado values(4, 'Polcia de gueda', 2, 72);
insert into alocado values(4, 'Polcia de gueda', 4, 73);
insert into alocado values(1, 'Bombeiros de Olho', 6, 73);
insert into alocado values(1, 'Bombeiros de Olho', 7, 74);
insert into alocado values(4, 'Bombeiros de Olho', 3, 74);
insert into alocado values(4, 'Bombeiros de Olho', 6, 75);
insert into alocado values(1, 'Junta de Freguesia de Abrantes', 3, 75);
insert into alocado values(1, 'Junta de Freguesia de Abrantes', 3, 76);
insert into alocado values(1, 'Polcia de Amadora', 1, 76);
insert into alocado values(1, 'Polcia de Amadora', 5, 77);
insert into alocado values(1, 'Polcia de Ovar', 4, 77);
insert into alocado values(1, 'Polcia de Ovar', 5, 78);
insert into alocado values(4, 'Polcia de Ovar', 10, 78);
insert into alocado values(4, 'Polcia de Ovar', 8, 79);
insert into alocado values(1, 'Bombeiros de Lisboa', 6, 79);
insert into alocado values(1, 'Bombeiros de Lisboa', 10, 80);
insert into alocado values(4, 'Bombeiros de Lisboa', 7, 80);
insert into alocado values(4, 'Bombeiros de Lisboa', 5, 81);
insert into alocado values(1, 'Bombeiros de Castro Daire', 6, 81);
insert into alocado values(1, 'Bombeiros de Castro Daire', 10, 82);
insert into alocado values(2, 'Bombeiros de Castro Daire', 5, 82);
insert into alocado values(2, 'Bombeiros de Castro Daire', 7, 83);
insert into alocado values(4, 'Bombeiros de Castro Daire', 10, 83);
insert into alocado values(4, 'Bombeiros de Castro Daire', 9, 84);
insert into alocado values(1, 'Bombeiros de Tondela', 6, 84);
insert into alocado values(1, 'Bombeiros de Tondela', 4, 85);
insert into alocado values(1, 'Junta de Freguesia de Lixa', 2, 85);
insert into alocado values(1, 'Junta de Freguesia de Lixa', 10, 86);
insert into alocado values(4, 'Junta de Freguesia de Lixa', 2, 86);
insert into alocado values(4, 'Junta de Freguesia de Lixa', 9, 87);
insert into alocado values(1, 'Bombeiros de Sagres', 4, 87);
insert into alocado values(1, 'Bombeiros de Sagres', 10, 88);
insert into alocado values(1, 'Junta de Freguesia de Moura', 9, 88);
insert into alocado values(1, 'Junta de Freguesia de Moura', 8, 89);
insert into alocado values(1, 'Polcia de Coimbra', 3, 89);
insert into alocado values(1, 'Polcia de Coimbra', 4, 90);
insert into alocado values(4, 'Polcia de Coimbra', 10, 90);
insert into alocado values(4, 'Polcia de Coimbra', 1, 91);
insert into alocado values(1, 'Bombeiros de Vila Real', 5, 91);
insert into alocado values(1, 'Bombeiros de Vila Real', 9, 92);
insert into alocado values(4, 'Bombeiros de Vila Real', 9, 92);
insert into alocado values(4, 'Bombeiros de Vila Real', 5, 93);
insert into alocado values(1, 'Junta de Freguesia de Gondomar', 6, 93);
insert into alocado values(1, 'Junta de Freguesia de Gondomar', 3, 94);
insert into alocado values(1, 'Junta de Freguesia de Aveiro', 8, 94);
insert into alocado values(1, 'Junta de Freguesia de Aveiro', 5, 95);
insert into alocado values(1, 'Junta de Freguesia de gueda', 5, 95);
insert into alocado values(1, 'Junta de Freguesia de gueda', 1, 96);
insert into alocado values(4, 'Junta de Freguesia de gueda', 2, 96);
insert into alocado values(4, 'Junta de Freguesia de gueda', 5, 97);
insert into alocado values(1, 'Junta de Freguesia de Oliveira do Hospital', 8, 97);
insert into alocado values(1, 'Junta de Freguesia de Oliveira do Hospital', 3, 98);
insert into alocado values(1, 'Junta de Freguesia de Coina', 7, 98);
insert into alocado values(1, 'Junta de Freguesia de Coina', 8, 99);
insert into alocado values(1, 'Bombeiros de Rio Maior', 10, 99);
insert into alocado values(1, 'Bombeiros de Rio Maior', 10, 100);
insert into alocado values(4, 'Bombeiros de Rio Maior', 2, 100);
insert into alocado values(4, 'Bombeiros de Rio Maior', 1, 101);
insert into alocado values(1, 'Junta de Freguesia de Vila Nova de Gaia', 6, 101);



insert into acciona values(0, 'Bombeiros de Peniche', 0);
insert into acciona values(1, 'Bombeiros de Peniche', 1);
insert into acciona values(2, 'Bombeiros de Peniche', 1);
insert into acciona values(0, 'Junta de Freguesia de Alcobaa', 1);
insert into acciona values(1, 'Junta de Freguesia de Alcobaa', 1);
insert into acciona values(2, 'Junta de Freguesia de Alcobaa', 1);
insert into acciona values(2, 'Bombeiros de Peniche', 2);
insert into acciona values(0, 'Junta de Freguesia de Alcobaa', 2);
insert into acciona values(1, 'Junta de Freguesia de Alcobaa', 2);
insert into acciona values(2, 'Junta de Freguesia de Alcobaa', 2);
insert into acciona values(0, 'Junta de Freguesia de Alcobaa', 3);
insert into acciona values(1, 'Junta de Freguesia de Alcobaa', 3);
insert into acciona values(2, 'Junta de Freguesia de Alcobaa', 3);
insert into acciona values(3, 'Junta de Freguesia de Alcobaa', 3);
insert into acciona values(4, 'Junta de Freguesia de Alcobaa', 3);
insert into acciona values(1, 'Junta de Freguesia de Alcobaa', 4);
insert into acciona values(2, 'Junta de Freguesia de Alcobaa', 5);
insert into acciona values(3, 'Junta de Freguesia de Alcobaa', 5);
insert into acciona values(3, 'Junta de Freguesia de Alcobaa', 6);
insert into acciona values(4, 'Junta de Freguesia de Alcobaa', 6);
insert into acciona values(0, 'Polcia de Portalegre', 6);
insert into acciona values(1, 'Polcia de Portalegre', 6);
insert into acciona values(4, 'Junta de Freguesia de Alcobaa', 7);
insert into acciona values(0, 'Polcia de Portalegre', 7);
insert into acciona values(1, 'Polcia de Portalegre', 7);
insert into acciona values(2, 'Polcia de Portalegre', 7);
insert into acciona values(0, 'Polcia de Portalegre', 8);
insert into acciona values(1, 'Polcia de Portalegre', 9);
insert into acciona values(2, 'Polcia de Portalegre', 10);
insert into acciona values(3, 'Polcia de Portalegre', 10);
insert into acciona values(4, 'Polcia de Portalegre', 10);
insert into acciona values(3, 'Polcia de Portalegre', 11);
insert into acciona values(4, 'Polcia de Portalegre', 12);
insert into acciona values(0, 'Junta de Freguesia de Maia', 13);
insert into acciona values(1, 'Junta de Freguesia de Maia', 13);
insert into acciona values(2, 'Junta de Freguesia de Maia', 13);
insert into acciona values(1, 'Junta de Freguesia de Maia', 14);
insert into acciona values(2, 'Junta de Freguesia de Maia', 14);
insert into acciona values(0, 'Polcia de Nazar', 14);
insert into acciona values(1, 'Polcia de Nazar', 14);
insert into acciona values(2, 'Junta de Freguesia de Maia', 15);
insert into acciona values(0, 'Polcia de Nazar', 15);
insert into acciona values(1, 'Polcia de Nazar', 15);
insert into acciona values(2, 'Polcia de Nazar', 15);
insert into acciona values(0, 'Polcia de Nazar', 16);
insert into acciona values(1, 'Polcia de Nazar', 16);
insert into acciona values(2, 'Polcia de Nazar', 16);
insert into acciona values(3, 'Polcia de Nazar', 16);
insert into acciona values(4, 'Polcia de Nazar', 16);
insert into acciona values(1, 'Polcia de Nazar', 17);
insert into acciona values(2, 'Polcia de Nazar', 17);
insert into acciona values(3, 'Polcia de Nazar', 17);
insert into acciona values(4, 'Polcia de Nazar', 17);
insert into acciona values(2, 'Polcia de Nazar', 18);
insert into acciona values(3, 'Polcia de Nazar', 18);
insert into acciona values(4, 'Polcia de Nazar', 18);
insert into acciona values(0, 'Bombeiros de Alccer do Sal', 18);
insert into acciona values(1, 'Bombeiros de Alccer do Sal', 18);
insert into acciona values(3, 'Polcia de Nazar', 19);
insert into acciona values(4, 'Polcia de Nazar', 19);
insert into acciona values(0, 'Bombeiros de Alccer do Sal', 19);
insert into acciona values(4, 'Polcia de Nazar', 20);
insert into acciona values(0, 'Bombeiros de Alccer do Sal', 21);
insert into acciona values(1, 'Bombeiros de Alccer do Sal', 21);
insert into acciona values(2, 'Bombeiros de Alccer do Sal', 21);
insert into acciona values(3, 'Bombeiros de Alccer do Sal', 21);
insert into acciona values(1, 'Bombeiros de Alccer do Sal', 22);
insert into acciona values(2, 'Bombeiros de Alccer do Sal', 22);
insert into acciona values(3, 'Bombeiros de Alccer do Sal', 22);
insert into acciona values(4, 'Bombeiros de Alccer do Sal', 22);
insert into acciona values(2, 'Bombeiros de Alccer do Sal', 23);
insert into acciona values(3, 'Bombeiros de Alccer do Sal', 23);
insert into acciona values(4, 'Bombeiros de Alccer do Sal', 23);
insert into acciona values(0, 'Junta de Freguesia de Tomar', 23);
insert into acciona values(3, 'Bombeiros de Alccer do Sal', 24);
insert into acciona values(4, 'Bombeiros de Alccer do Sal', 24);
insert into acciona values(0, 'Junta de Freguesia de Tomar', 24);
insert into acciona values(4, 'Bombeiros de Alccer do Sal', 25);
insert into acciona values(0, 'Junta de Freguesia de Tomar', 25);
insert into acciona values(1, 'Junta de Freguesia de Tomar', 25);
insert into acciona values(0, 'Junta de Freguesia de Tomar', 26);
insert into acciona values(1, 'Junta de Freguesia de Tomar', 26);
insert into acciona values(1, 'Junta de Freguesia de Tomar', 27);
insert into acciona values(2, 'Junta de Freguesia de Tomar', 28);
insert into acciona values(3, 'Junta de Freguesia de Tomar', 28);
insert into acciona values(4, 'Junta de Freguesia de Tomar', 28);
insert into acciona values(0, 'Junta de Freguesia de Sines', 28);
insert into acciona values(3, 'Junta de Freguesia de Tomar', 29);
insert into acciona values(4, 'Junta de Freguesia de Tomar', 29);
insert into acciona values(0, 'Junta de Freguesia de Sines', 29);
insert into acciona values(1, 'Junta de Freguesia de Sines', 29);
insert into acciona values(2, 'Junta de Freguesia de Sines', 29);
insert into acciona values(4, 'Junta de Freguesia de Tomar', 30);
insert into acciona values(0, 'Junta de Freguesia de Sines', 30);
insert into acciona values(0, 'Junta de Freguesia de Sines', 31);
insert into acciona values(1, 'Junta de Freguesia de Sines', 32);
insert into acciona values(2, 'Junta de Freguesia de Sines', 32);
insert into acciona values(3, 'Junta de Freguesia de Sines', 32);
insert into acciona values(0, 'Bombeiros de Abrantes', 32);
insert into acciona values(1, 'Bombeiros de Abrantes', 32);
insert into acciona values(2, 'Junta de Freguesia de Sines', 33);
insert into acciona values(3, 'Junta de Freguesia de Sines', 33);
insert into acciona values(0, 'Bombeiros de Abrantes', 33);
insert into acciona values(1, 'Bombeiros de Abrantes', 33);
insert into acciona values(2, 'Bombeiros de Abrantes', 33);
insert into acciona values(3, 'Junta de Freguesia de Sines', 34);
insert into acciona values(0, 'Bombeiros de Abrantes', 34);
insert into acciona values(1, 'Bombeiros de Abrantes', 34);
insert into acciona values(0, 'Bombeiros de Abrantes', 35);
insert into acciona values(1, 'Bombeiros de Abrantes', 35);
insert into acciona values(2, 'Bombeiros de Abrantes', 35);
insert into acciona values(1, 'Bombeiros de Abrantes', 36);
insert into acciona values(2, 'Bombeiros de Abrantes', 36);
insert into acciona values(3, 'Bombeiros de Abrantes', 36);
insert into acciona values(4, 'Bombeiros de Abrantes', 36);
insert into acciona values(2, 'Bombeiros de Abrantes', 37);
insert into acciona values(3, 'Bombeiros de Abrantes', 37);
insert into acciona values(4, 'Bombeiros de Abrantes', 37);
insert into acciona values(0, 'Polcia de Loul', 37);
insert into acciona values(1, 'Polcia de Loul', 37);
insert into acciona values(3, 'Bombeiros de Abrantes', 38);
insert into acciona values(4, 'Bombeiros de Abrantes', 38);
insert into acciona values(4, 'Bombeiros de Abrantes', 39);
insert into acciona values(0, 'Polcia de Loul', 39);
insert into acciona values(1, 'Polcia de Loul', 39);
insert into acciona values(2, 'Polcia de Loul', 39);
insert into acciona values(3, 'Polcia de Loul', 39);
insert into acciona values(0, 'Polcia de Loul', 40);
insert into acciona values(1, 'Polcia de Loul', 40);
insert into acciona values(2, 'Polcia de Loul', 40);
insert into acciona values(3, 'Polcia de Loul', 40);
insert into acciona values(0, 'Junta de Freguesia de Olho', 40);
insert into acciona values(1, 'Polcia de Loul', 41);
insert into acciona values(2, 'Polcia de Loul', 41);
insert into acciona values(3, 'Polcia de Loul', 41);
insert into acciona values(0, 'Junta de Freguesia de Olho', 41);
insert into acciona values(2, 'Polcia de Loul', 42);
insert into acciona values(3, 'Polcia de Loul', 42);
insert into acciona values(3, 'Polcia de Loul', 43);
insert into acciona values(0, 'Junta de Freguesia de Olho', 43);
insert into acciona values(1, 'Junta de Freguesia de Olho', 43);
insert into acciona values(2, 'Junta de Freguesia de Olho', 43);
insert into acciona values(0, 'Junta de Freguesia de Olho', 44);
insert into acciona values(1, 'Junta de Freguesia de Olho', 44);
insert into acciona values(2, 'Junta de Freguesia de Olho', 44);
insert into acciona values(1, 'Junta de Freguesia de Olho', 45);
insert into acciona values(2, 'Junta de Freguesia de Olho', 45);
insert into acciona values(3, 'Junta de Freguesia de Olho', 45);
insert into acciona values(2, 'Junta de Freguesia de Olho', 46);
insert into acciona values(3, 'Junta de Freguesia de Olho', 46);
insert into acciona values(0, 'Junta de Freguesia de Viseu', 46);
insert into acciona values(3, 'Junta de Freguesia de Olho', 47);
insert into acciona values(0, 'Junta de Freguesia de Viseu', 47);
insert into acciona values(1, 'Junta de Freguesia de Viseu', 47);
insert into acciona values(2, 'Junta de Freguesia de Viseu', 47);
insert into acciona values(0, 'Junta de Freguesia de Viseu', 48);
insert into acciona values(1, 'Junta de Freguesia de Viseu', 48);
insert into acciona values(2, 'Junta de Freguesia de Viseu', 48);
insert into acciona values(3, 'Junta de Freguesia de Viseu', 48);
insert into acciona values(0, 'Polcia de Penafiel', 48);
insert into acciona values(1, 'Junta de Freguesia de Viseu', 49);
insert into acciona values(2, 'Junta de Freguesia de Viseu', 49);
insert into acciona values(2, 'Junta de Freguesia de Viseu', 50);
insert into acciona values(3, 'Junta de Freguesia de Viseu', 50);
insert into acciona values(3, 'Junta de Freguesia de Viseu', 51);
insert into acciona values(0, 'Polcia de Penafiel', 51);
insert into acciona values(1, 'Polcia de Penafiel', 51);
insert into acciona values(2, 'Polcia de Penafiel', 51);
insert into acciona values(0, 'Polcia de Bragana', 51);
insert into acciona values(0, 'Polcia de Penafiel', 52);
insert into acciona values(1, 'Polcia de Penafiel', 52);
insert into acciona values(2, 'Polcia de Penafiel', 52);
insert into acciona values(0, 'Polcia de Bragana', 52);
insert into acciona values(1, 'Polcia de Penafiel', 53);
insert into acciona values(2, 'Polcia de Penafiel', 53);
insert into acciona values(0, 'Polcia de Bragana', 53);
insert into acciona values(1, 'Polcia de Bragana', 53);
insert into acciona values(2, 'Polcia de Bragana', 53);
insert into acciona values(2, 'Polcia de Penafiel', 54);
insert into acciona values(0, 'Polcia de Bragana', 54);
insert into acciona values(1, 'Polcia de Bragana', 54);
insert into acciona values(2, 'Polcia de Bragana', 54);
insert into acciona values(0, 'Polcia de Bragana', 55);
insert into acciona values(1, 'Polcia de Bragana', 55);
insert into acciona values(1, 'Polcia de Bragana', 56);
insert into acciona values(2, 'Polcia de Bragana', 56);
insert into acciona values(2, 'Polcia de Bragana', 57);
insert into acciona values(3, 'Polcia de Bragana', 58);
insert into acciona values(4, 'Polcia de Bragana', 58);
insert into acciona values(0, 'Bombeiros de Esmoriz', 58);
insert into acciona values(1, 'Bombeiros de Esmoriz', 58);
insert into acciona values(2, 'Bombeiros de Esmoriz', 58);
insert into acciona values(4, 'Polcia de Bragana', 59);
insert into acciona values(0, 'Bombeiros de Esmoriz', 60);
insert into acciona values(1, 'Bombeiros de Esmoriz', 60);
insert into acciona values(2, 'Bombeiros de Esmoriz', 60);
insert into acciona values(3, 'Bombeiros de Esmoriz', 60);
insert into acciona values(4, 'Bombeiros de Esmoriz', 60);
insert into acciona values(1, 'Bombeiros de Esmoriz', 61);
insert into acciona values(2, 'Bombeiros de Esmoriz', 61);
insert into acciona values(3, 'Bombeiros de Esmoriz', 61);
insert into acciona values(4, 'Bombeiros de Esmoriz', 61);
insert into acciona values(2, 'Bombeiros de Esmoriz', 62);
insert into acciona values(3, 'Bombeiros de Esmoriz', 62);
insert into acciona values(3, 'Bombeiros de Esmoriz', 63);
insert into acciona values(4, 'Bombeiros de Esmoriz', 64);
insert into acciona values(0, 'Bombeiros de Sines', 64);
insert into acciona values(1, 'Bombeiros de Sines', 64);
insert into acciona values(2, 'Bombeiros de Sines', 64);
insert into acciona values(0, 'Bombeiros de Sines', 65);
insert into acciona values(1, 'Bombeiros de Sines', 66);
insert into acciona values(2, 'Bombeiros de Sines', 66);
insert into acciona values(2, 'Bombeiros de Sines', 67);
insert into acciona values(3, 'Bombeiros de Sines', 67);
insert into acciona values(0, 'Polcia de Peniche', 67);
insert into acciona values(1, 'Polcia de Peniche', 67);
insert into acciona values(2, 'Polcia de Peniche', 67);
insert into acciona values(3, 'Bombeiros de Sines', 68);
insert into acciona values(0, 'Polcia de Peniche', 68);
insert into acciona values(1, 'Polcia de Peniche', 68);
insert into acciona values(2, 'Polcia de Peniche', 68);
insert into acciona values(0, 'Polcia de Peniche', 69);
insert into acciona values(1, 'Polcia de Peniche', 70);
insert into acciona values(2, 'Polcia de Peniche', 71);
insert into acciona values(3, 'Polcia de Peniche', 72);
insert into acciona values(4, 'Polcia de Peniche', 72);
insert into acciona values(4, 'Polcia de Peniche', 73);
insert into acciona values(0, 'Polcia de Seixal', 73);
insert into acciona values(1, 'Polcia de Seixal', 73);
insert into acciona values(0, 'Polcia de Seixal', 74);
insert into acciona values(1, 'Polcia de Seixal', 74);
insert into acciona values(2, 'Polcia de Seixal', 74);
insert into acciona values(0, 'Bombeiros de Praia da Vitria', 74);
insert into acciona values(1, 'Polcia de Seixal', 75);
insert into acciona values(2, 'Polcia de Seixal', 75);
insert into acciona values(0, 'Bombeiros de Praia da Vitria', 75);
insert into acciona values(1, 'Bombeiros de Praia da Vitria', 75);
insert into acciona values(2, 'Polcia de Seixal', 76);
insert into acciona values(0, 'Bombeiros de Praia da Vitria', 76);
insert into acciona values(1, 'Bombeiros de Praia da Vitria', 76);
insert into acciona values(0, 'Bombeiros de Praia da Vitria', 77);
insert into acciona values(1, 'Bombeiros de Praia da Vitria', 78);
insert into acciona values(2, 'Bombeiros de Praia da Vitria', 78);
insert into acciona values(0, 'Bombeiros de Fundo', 78);
insert into acciona values(2, 'Bombeiros de Praia da Vitria', 79);
insert into acciona values(0, 'Bombeiros de Fundo', 80);
insert into acciona values(1, 'Bombeiros de Fundo', 80);
insert into acciona values(2, 'Bombeiros de Fundo', 80);
insert into acciona values(3, 'Bombeiros de Fundo', 80);
insert into acciona values(4, 'Bombeiros de Fundo', 80);
insert into acciona values(1, 'Bombeiros de Fundo', 81);
insert into acciona values(2, 'Bombeiros de Fundo', 81);
insert into acciona values(3, 'Bombeiros de Fundo', 81);
insert into acciona values(2, 'Bombeiros de Fundo', 82);
insert into acciona values(3, 'Bombeiros de Fundo', 83);
insert into acciona values(4, 'Bombeiros de Fundo', 83);
insert into acciona values(0, 'Junta de Freguesia de Loures', 83);
insert into acciona values(4, 'Bombeiros de Fundo', 84);
insert into acciona values(0, 'Junta de Freguesia de Loures', 84);
insert into acciona values(1, 'Junta de Freguesia de Loures', 84);
insert into acciona values(2, 'Junta de Freguesia de Loures', 84);
insert into acciona values(0, 'Junta de Freguesia de Loures', 85);
insert into acciona values(1, 'Junta de Freguesia de Loures', 85);
insert into acciona values(2, 'Junta de Freguesia de Loures', 85);
insert into acciona values(1, 'Junta de Freguesia de Loures', 86);
insert into acciona values(2, 'Junta de Freguesia de Loures', 86);
insert into acciona values(2, 'Junta de Freguesia de Loures', 87);
insert into acciona values(0, 'Bombeiros de Nazar', 87);
insert into acciona values(0, 'Bombeiros de Nazar', 88);
insert into acciona values(1, 'Bombeiros de Nazar', 89);
insert into acciona values(2, 'Bombeiros de Nazar', 90);
insert into acciona values(3, 'Bombeiros de Nazar', 90);
insert into acciona values(0, 'Bombeiros de Faro', 90);
insert into acciona values(1, 'Bombeiros de Faro', 90);
insert into acciona values(3, 'Bombeiros de Nazar', 91);
insert into acciona values(0, 'Bombeiros de Faro', 91);
insert into acciona values(1, 'Bombeiros de Faro', 91);
insert into acciona values(0, 'Bombeiros de Faro', 92);
insert into acciona values(1, 'Bombeiros de Faro', 92);
insert into acciona values(2, 'Bombeiros de Faro', 92);
insert into acciona values(3, 'Bombeiros de Faro', 92);
insert into acciona values(0, 'Bombeiros de Braga', 92);
insert into acciona values(1, 'Bombeiros de Faro', 93);
insert into acciona values(2, 'Bombeiros de Faro', 93);
insert into acciona values(2, 'Bombeiros de Faro', 94);
insert into acciona values(3, 'Bombeiros de Faro', 94);
insert into acciona values(3, 'Bombeiros de Faro', 95);
insert into acciona values(0, 'Bombeiros de Braga', 95);
insert into acciona values(1, 'Bombeiros de Braga', 95);
insert into acciona values(2, 'Bombeiros de Braga', 95);
insert into acciona values(0, 'Bombeiros de Braga', 96);
insert into acciona values(1, 'Bombeiros de Braga', 97);
insert into acciona values(2, 'Bombeiros de Braga', 97);
insert into acciona values(3, 'Bombeiros de Braga', 97);
insert into acciona values(2, 'Bombeiros de Braga', 98);
insert into acciona values(3, 'Bombeiros de Braga', 98);
insert into acciona values(3, 'Bombeiros de Braga', 99);
insert into acciona values(0, 'Bombeiros de Pombal', 99);
insert into acciona values(1, 'Bombeiros de Pombal', 99);
insert into acciona values(2, 'Bombeiros de Pombal', 99);
insert into acciona values(3, 'Bombeiros de Pombal', 99);
insert into acciona values(0, 'Bombeiros de Pombal', 100);
insert into acciona values(1, 'Bombeiros de Pombal', 100);
insert into acciona values(1, 'Bombeiros de Pombal', 101);



insert into coordenador values(0);
insert into coordenador values(1);
insert into coordenador values(2);
insert into coordenador values(3);
insert into coordenador values(4);
insert into coordenador values(5);
insert into coordenador values(6);
insert into coordenador values(7);
insert into coordenador values(8);
insert into coordenador values(9);
insert into coordenador values(10);
insert into coordenador values(11);
insert into coordenador values(12);
insert into coordenador values(13);
insert into coordenador values(14);
insert into coordenador values(15);
insert into coordenador values(16);
insert into coordenador values(17);
insert into coordenador values(18);
insert into coordenador values(19);
insert into coordenador values(20);
insert into coordenador values(21);
insert into coordenador values(22);
insert into coordenador values(23);
insert into coordenador values(24);
insert into coordenador values(25);
insert into coordenador values(26);
insert into coordenador values(27);
insert into coordenador values(28);
insert into coordenador values(29);
insert into coordenador values(30);
insert into coordenador values(31);
insert into coordenador values(32);
insert into coordenador values(33);
insert into coordenador values(34);
insert into coordenador values(35);
insert into coordenador values(36);
insert into coordenador values(37);
insert into coordenador values(38);
insert into coordenador values(39);
insert into coordenador values(40);
insert into coordenador values(41);
insert into coordenador values(42);
insert into coordenador values(43);
insert into coordenador values(44);
insert into coordenador values(45);
insert into coordenador values(46);
insert into coordenador values(47);
insert into coordenador values(48);
insert into coordenador values(49);
insert into coordenador values(50);
insert into coordenador values(51);
insert into coordenador values(52);
insert into coordenador values(53);
insert into coordenador values(54);
insert into coordenador values(55);
insert into coordenador values(56);
insert into coordenador values(57);
insert into coordenador values(58);
insert into coordenador values(59);
insert into coordenador values(60);
insert into coordenador values(61);
insert into coordenador values(62);
insert into coordenador values(63);
insert into coordenador values(64);
insert into coordenador values(65);
insert into coordenador values(66);
insert into coordenador values(67);
insert into coordenador values(68);
insert into coordenador values(69);
insert into coordenador values(70);
insert into coordenador values(71);
insert into coordenador values(72);
insert into coordenador values(73);
insert into coordenador values(74);
insert into coordenador values(75);
insert into coordenador values(76);
insert into coordenador values(77);
insert into coordenador values(78);
insert into coordenador values(79);
insert into coordenador values(80);
insert into coordenador values(81);
insert into coordenador values(82);
insert into coordenador values(83);
insert into coordenador values(84);
insert into coordenador values(85);
insert into coordenador values(86);
insert into coordenador values(87);
insert into coordenador values(88);
insert into coordenador values(89);
insert into coordenador values(90);
insert into coordenador values(91);
insert into coordenador values(92);
insert into coordenador values(93);
insert into coordenador values(94);
insert into coordenador values(95);
insert into coordenador values(96);
insert into coordenador values(97);
insert into coordenador values(98);
insert into coordenador values(99);
insert into coordenador values(100);
insert into coordenador values(101);



insert into audita values(0, 3, 'Junta de Freguesia de Alcobaa', 5, '2017-12-30 00:22:32', '2017-12-30 00:38:02', '2017-12-30 00:22:32', 'Auditado.');
insert into audita values(1, 2, 'Bombeiros de Braga', 97, '2016-04-26 04:47:52', '2016-04-26 04:51:46', '2016-04-26 04:47:52', 'Auditado.');
insert into audita values(2, 1, 'Bombeiros de Esmoriz', 58, '2018-01-15 13:39:24', '2018-01-15 13:49:45', '2018-01-15 13:39:24', 'Auditado.');
insert into audita values(3, 4, 'Bombeiros de Esmoriz', 61, '2016-08-26 19:56:40', '2016-08-26 20:06:51', '2016-08-26 19:56:40', 'Auditado.');
insert into audita values(4, 1, 'Polcia de Nazar', 15, '2016-01-09 13:09:05', '2016-01-09 13:24:24', '2016-01-09 13:09:05', 'Auditado.');
insert into audita values(5, 3, 'Bombeiros de Alccer do Sal', 23, '2017-11-03 02:38:25', '2017-11-03 02:51:43', '2017-11-03 02:38:25', 'Auditado.');
insert into audita values(6, 1, 'Bombeiros de Nazar', 89, '2016-08-10 23:29:00', '2016-08-10 23:39:53', '2016-08-10 23:29:00', 'Auditado.');
insert into audita values(7, 0, 'Bombeiros de Abrantes', 32, '2018-11-29 07:26:44', '2018-11-29 07:38:34', '2018-11-29 07:26:44', 'Auditado.');
insert into audita values(8, 0, 'Bombeiros de Abrantes', 35, '2017-04-19 13:33:36', '2017-04-19 13:48:17', '2017-04-19 13:33:36', 'Auditado.');
insert into audita values(9, 3, 'Bombeiros de Fundo', 80, '2018-07-17 18:45:36', '2018-07-17 18:50:58', '2018-07-17 18:45:36', 'Auditado.');
insert into audita values(10, 2, 'Polcia de Loul', 39, '2016-09-12 00:32:24', '2016-09-12 00:48:04', '2016-09-12 00:32:24', 'Auditado.');
insert into audita values(11, 3, 'Junta de Freguesia de Olho', 46, '2017-12-29 03:22:58', '2017-12-29 03:26:00', '2017-12-29 03:22:58', 'Auditado.');
insert into audita values(12, 1, 'Junta de Freguesia de Maia', 13, '2018-09-25 08:23:43', '2018-09-25 08:38:16', '2018-09-25 08:23:43', 'Auditado.');
insert into audita values(13, 1, 'Polcia de Peniche', 70, '2017-12-20 08:49:06', '2017-12-20 09:04:27', '2017-12-20 08:49:06', 'Auditado.');
insert into audita values(14, 1, 'Bombeiros de Abrantes', 36, '2016-12-14 08:43:25', '2016-12-14 08:47:31', '2016-12-14 08:43:25', 'Auditado.');
insert into audita values(15, 2, 'Bombeiros de Peniche', 2, '2016-01-14 21:01:04', '2016-01-14 21:16:58', '2016-01-14 21:01:04', 'Auditado.');
insert into audita values(16, 4, 'Junta de Freguesia de Tomar', 28, '2016-01-19 18:09:23', '2016-01-19 18:20:23', '2016-01-19 18:09:23', 'Auditado.');
insert into audita values(17, 3, 'Bombeiros de Alccer do Sal', 21, '2017-08-28 18:43:24', '2017-08-28 19:01:48', '2017-08-28 18:43:24', 'Auditado.');
insert into audita values(18, 0, 'Bombeiros de Braga', 96, '2018-04-23 13:18:48', '2018-04-23 13:32:44', '2018-04-23 13:18:48', 'Auditado.');
insert into audita values(19, 0, 'Bombeiros de Praia da Vitria', 75, '2018-08-25 21:10:59', '2018-08-25 21:14:37', '2018-08-25 21:10:59', 'Auditado.');
insert into audita values(20, 2, 'Polcia de Loul', 41, '2016-09-23 12:22:36', '2016-09-23 12:41:43', '2016-09-23 12:22:36', 'Auditado.');
insert into audita values(21, 0, 'Junta de Freguesia de Tomar', 24, '2016-12-28 12:01:39', '2016-12-28 12:09:21', '2016-12-28 12:01:39', 'Auditado.');
insert into audita values(22, 1, 'Junta de Freguesia de Loures', 86, '2016-10-11 03:18:43', '2016-10-11 03:31:52', '2016-10-11 03:18:43', 'Auditado.');
insert into audita values(23, 0, 'Bombeiros de Faro', 92, '2018-05-12 17:02:31', '2018-05-12 17:19:32', '2018-05-12 17:02:31', 'Auditado.');
insert into audita values(24, 0, 'Bombeiros de Fundo', 78, '2016-04-14 20:48:52', '2016-04-14 21:06:40', '2016-04-14 20:48:52', 'Auditado.');
insert into audita values(25, 4, 'Polcia de Bragana', 59, '2017-12-07 08:40:07', '2017-12-07 08:55:54', '2017-12-07 08:40:07', 'Auditado.');
insert into audita values(26, 3, 'Polcia de Portalegre', 11, '2017-06-01 18:00:34', '2017-06-01 18:12:59', '2017-06-01 18:00:34', 'Auditado.');
insert into audita values(27, 3, 'Junta de Freguesia de Olho', 47, '2018-08-28 14:12:56', '2018-08-28 14:30:22', '2018-08-28 14:12:56', 'Auditado.');
insert into audita values(28, 3, 'Bombeiros de Fundo', 83, '2017-01-06 01:16:40', '2017-01-06 01:30:33', '2017-01-06 01:16:40', 'Auditado.');
insert into audita values(29, 0, 'Bombeiros de Abrantes', 34, '2018-10-12 04:43:50', '2018-10-12 04:46:07', '2018-10-12 04:43:50', 'Auditado.');
insert into audita values(30, 2, 'Polcia de Bragana', 53, '2016-12-05 06:39:22', '2016-12-05 06:58:02', '2016-12-05 06:39:22', 'Auditado.');
insert into audita values(31, 4, 'Polcia de Peniche', 73, '2017-11-23 05:25:02', '2017-11-23 05:33:20', '2017-11-23 05:25:02', 'Auditado.');
insert into audita values(32, 2, 'Bombeiros de Praia da Vitria', 78, '2016-11-10 09:24:18', '2016-11-10 09:42:47', '2016-11-10 09:24:18', 'Auditado.');
insert into audita values(33, 3, 'Bombeiros de Alccer do Sal', 21, '2016-05-17 23:00:52', '2016-05-17 23:17:13', '2016-05-17 23:00:52', 'Auditado.');
insert into audita values(34, 2, 'Bombeiros de Sines', 64, '2017-08-29 18:43:40', '2017-08-29 18:53:34', '2017-08-29 18:43:40', 'Auditado.');
insert into audita values(35, 1, 'Junta de Freguesia de Maia', 13, '2017-12-04 10:19:16', '2017-12-04 10:30:09', '2017-12-04 10:19:16', 'Auditado.');
insert into audita values(36, 2, 'Polcia de Peniche', 71, '2017-11-28 00:14:36', '2017-11-28 00:30:33', '2017-11-28 00:14:36', 'Auditado.');
insert into audita values(37, 0, 'Bombeiros de Braga', 95, '2016-09-04 09:40:47', '2016-09-04 09:46:00', '2016-09-04 09:40:47', 'Auditado.');
insert into audita values(38, 0, 'Junta de Freguesia de Olho', 41, '2017-03-06 00:04:56', '2017-03-06 00:24:49', '2017-03-06 00:04:56', 'Auditado.');
insert into audita values(39, 2, 'Bombeiros de Esmoriz', 61, '2017-05-29 20:02:22', '2017-05-29 20:11:13', '2017-05-29 20:02:22', 'Auditado.');
insert into audita values(40, 0, 'Bombeiros de Braga', 96, '2018-11-29 05:26:28', '2018-11-29 05:35:59', '2018-11-29 05:26:28', 'Auditado.');
insert into audita values(41, 2, 'Polcia de Peniche', 67, '2016-07-15 07:04:33', '2016-07-15 07:08:06', '2016-07-15 07:04:33', 'Auditado.');
insert into audita values(42, 2, 'Bombeiros de Sines', 66, '2017-12-16 18:59:36', '2017-12-16 19:10:14', '2017-12-16 18:59:36', 'Auditado.');
insert into audita values(43, 4, 'Polcia de Nazar', 19, '2016-11-29 04:47:21', '2016-11-29 05:05:47', '2016-11-29 04:47:21', 'Auditado.');
insert into audita values(44, 3, 'Junta de Freguesia de Viseu', 51, '2016-06-07 05:17:43', '2016-06-07 05:23:42', '2016-06-07 05:17:43', 'Auditado.');
insert into audita values(45, 2, 'Junta de Freguesia de Sines', 29, '2017-02-26 02:16:02', '2017-02-26 02:29:50', '2017-02-26 02:16:02', 'Auditado.');
insert into audita values(46, 1, 'Polcia de Loul', 41, '2016-01-07 00:08:59', '2016-01-07 00:23:19', '2016-01-07 00:08:59', 'Auditado.');
insert into audita values(47, 2, 'Bombeiros de Fundo', 81, '2016-07-14 15:59:25', '2016-07-14 16:04:58', '2016-07-14 15:59:25', 'Auditado.');
insert into audita values(48, 2, 'Polcia de Bragana', 53, '2018-02-05 23:21:06', '2018-02-05 23:31:22', '2018-02-05 23:21:06', 'Auditado.');
insert into audita values(49, 1, 'Bombeiros de Pombal', 101, '2018-02-06 21:55:45', '2018-02-06 22:12:23', '2018-02-06 21:55:45', 'Auditado.');
insert into audita values(50, 1, 'Polcia de Portalegre', 6, '2017-04-10 22:35:27', '2017-04-10 22:53:10', '2017-04-10 22:35:27', 'Auditado.');
insert into audita values(51, 3, 'Bombeiros de Pombal', 99, '2016-05-03 22:12:49', '2016-05-03 22:16:31', '2016-05-03 22:12:49', 'Auditado.');
insert into audita values(52, 4, 'Polcia de Nazar', 19, '2016-10-22 03:45:48', '2016-10-22 03:51:59', '2016-10-22 03:45:48', 'Auditado.');
insert into audita values(53, 1, 'Polcia de Loul', 37, '2016-02-29 02:25:09', '2016-02-29 02:38:13', '2016-02-29 02:25:09', 'Auditado.');
insert into audita values(54, 0, 'Bombeiros de Fundo', 80, '2016-02-25 00:44:40', '2016-02-25 00:55:33', '2016-02-25 00:44:40', 'Auditado.');
insert into audita values(55, 3, 'Junta de Freguesia de Viseu', 51, '2016-03-11 07:06:22', '2016-03-11 07:24:37', '2016-03-11 07:06:22', 'Auditado.');
insert into audita values(56, 3, 'Polcia de Loul', 40, '2018-05-04 02:28:37', '2018-05-04 02:42:48', '2018-05-04 02:28:37', 'Auditado.');
insert into audita values(57, 2, 'Junta de Freguesia de Olho', 46, '2018-09-09 05:54:50', '2018-09-09 06:14:30', '2018-09-09 05:54:50', 'Auditado.');
insert into audita values(58, 0, 'Junta de Freguesia de Loures', 85, '2017-03-02 23:33:12', '2017-03-02 23:46:45', '2017-03-02 23:33:12', 'Auditado.');
insert into audita values(59, 1, 'Bombeiros de Esmoriz', 60, '2018-10-24 16:14:20', '2018-10-24 16:22:00', '2018-10-24 16:14:20', 'Auditado.');
insert into audita values(60, 2, 'Junta de Freguesia de Alcobaa', 2, '2018-08-07 01:31:51', '2018-08-07 01:36:32', '2018-08-07 01:31:51', 'Auditado.');
insert into audita values(61, 2, 'Polcia de Peniche', 71, '2017-07-22 01:58:25', '2017-07-22 02:13:35', '2017-07-22 01:58:25', 'Auditado.');
insert into audita values(62, 1, 'Polcia de Penafiel', 53, '2016-04-28 16:16:11', '2016-04-28 16:34:57', '2016-04-28 16:16:11', 'Auditado.');
insert into audita values(63, 1, 'Bombeiros de Faro', 90, '2017-06-16 18:52:19', '2017-06-16 19:10:49', '2017-06-16 18:52:19', 'Auditado.');
insert into audita values(64, 2, 'Polcia de Penafiel', 51, '2018-09-15 03:52:31', '2018-09-15 03:55:12', '2018-09-15 03:52:31', 'Auditado.');
insert into audita values(65, 3, 'Junta de Freguesia de Sines', 34, '2018-09-10 07:18:32', '2018-09-10 07:30:44', '2018-09-10 07:18:32', 'Auditado.');
insert into audita values(66, 2, 'Bombeiros de Braga', 98, '2017-02-19 00:31:01', '2017-02-19 00:36:47', '2017-02-19 00:31:01', 'Auditado.');
insert into audita values(67, 2, 'Polcia de Nazar', 16, '2018-03-15 19:57:16', '2018-03-15 20:09:12', '2018-03-15 19:57:16', 'Auditado.');
insert into audita values(68, 2, 'Bombeiros de Abrantes', 37, '2016-07-17 07:46:34', '2016-07-17 07:56:21', '2016-07-17 07:46:34', 'Auditado.');
insert into audita values(69, 2, 'Polcia de Nazar', 15, '2016-11-21 03:30:06', '2016-11-21 03:41:45', '2016-11-21 03:30:06', 'Auditado.');
insert into audita values(70, 1, 'Junta de Freguesia de Alcobaa', 1, '2016-05-16 06:28:23', '2016-05-16 06:36:14', '2016-05-16 06:28:23', 'Auditado.');
insert into audita values(71, 4, 'Bombeiros de Abrantes', 37, '2017-02-16 20:08:10', '2017-02-16 20:22:14', '2017-02-16 20:08:10', 'Auditado.');
insert into audita values(72, 2, 'Junta de Freguesia de Maia', 15, '2017-06-26 01:20:57', '2017-06-26 01:25:13', '2017-06-26 01:20:57', 'Auditado.');
insert into audita values(73, 2, 'Polcia de Bragana', 57, '2016-02-10 22:34:54', '2016-02-10 22:41:43', '2016-02-10 22:34:54', 'Auditado.');
insert into audita values(74, 1, 'Bombeiros de Praia da Vitria', 75, '2016-10-07 11:30:03', '2016-10-07 11:34:46', '2016-10-07 11:30:03', 'Auditado.');
insert into audita values(75, 1, 'Polcia de Nazar', 17, '2016-07-04 17:18:28', '2016-07-04 17:31:29', '2016-07-04 17:18:28', 'Auditado.');
insert into audita values(76, 4, 'Bombeiros de Alccer do Sal', 23, '2017-04-14 02:48:09', '2017-04-14 03:00:19', '2017-04-14 02:48:09', 'Auditado.');
insert into audita values(77, 4, 'Polcia de Nazar', 20, '2017-09-10 02:06:16', '2017-09-10 02:12:56', '2017-09-10 02:06:16', 'Auditado.');
insert into audita values(78, 3, 'Bombeiros de Faro', 95, '2017-07-17 09:10:51', '2017-07-17 09:29:37', '2017-07-17 09:10:51', 'Auditado.');
insert into audita values(79, 0, 'Junta de Freguesia de Loures', 83, '2016-08-20 06:26:49', '2016-08-20 06:32:32', '2016-08-20 06:26:49', 'Auditado.');
insert into audita values(80, 1, 'Bombeiros de Fundo', 81, '2016-06-07 12:30:35', '2016-06-07 12:50:06', '2016-06-07 12:30:35', 'Auditado.');
insert into audita values(81, 1, 'Junta de Freguesia de Viseu', 48, '2017-08-06 05:30:42', '2017-08-06 05:47:35', '2017-08-06 05:30:42', 'Auditado.');
insert into audita values(82, 1, 'Bombeiros de Abrantes', 36, '2017-09-29 17:18:55', '2017-09-29 17:38:53', '2017-09-29 17:18:55', 'Auditado.');
insert into audita values(83, 1, 'Bombeiros de Abrantes', 36, '2016-05-23 01:52:16', '2016-05-23 02:01:04', '2016-05-23 01:52:16', 'Auditado.');
insert into audita values(84, 0, 'Polcia de Bragana', 54, '2017-06-06 06:35:01', '2017-06-06 06:53:46', '2017-06-06 06:35:01', 'Auditado.');
insert into audita values(85, 0, 'Junta de Freguesia de Olho', 40, '2016-04-08 22:28:38', '2016-04-08 22:32:35', '2016-04-08 22:28:38', 'Auditado.');
insert into audita values(86, 4, 'Bombeiros de Abrantes', 38, '2017-02-18 03:22:40', '2017-02-18 03:34:24', '2017-02-18 03:22:40', 'Auditado.');
insert into audita values(87, 3, 'Bombeiros de Braga', 98, '2018-02-20 05:39:19', '2018-02-20 05:51:03', '2018-02-20 05:39:19', 'Auditado.');
insert into audita values(88, 3, 'Junta de Freguesia de Olho', 46, '2017-03-10 16:59:47', '2017-03-10 17:15:16', '2017-03-10 16:59:47', 'Auditado.');
insert into audita values(89, 4, 'Bombeiros de Abrantes', 36, '2016-08-04 11:05:41', '2016-08-04 11:15:46', '2016-08-04 11:05:41', 'Auditado.');
insert into audita values(90, 1, 'Bombeiros de Praia da Vitria', 75, '2018-02-23 00:38:19', '2018-02-23 00:47:43', '2018-02-23 00:38:19', 'Auditado.');
insert into audita values(91, 1, 'Bombeiros de Praia da Vitria', 78, '2018-10-24 19:15:50', '2018-10-24 19:32:06', '2018-10-24 19:15:50', 'Auditado.');
insert into audita values(92, 4, 'Junta de Freguesia de Alcobaa', 3, '2016-07-19 08:50:38', '2016-07-19 08:54:46', '2016-07-19 08:50:38', 'Auditado.');
insert into audita values(93, 3, 'Polcia de Bragana', 58, '2016-03-02 09:53:30', '2016-03-02 09:58:23', '2016-03-02 09:53:30', 'Auditado.');
insert into audita values(94, 3, 'Junta de Freguesia de Olho', 46, '2016-12-02 14:33:10', '2016-12-02 14:52:05', '2016-12-02 14:33:10', 'Auditado.');
insert into audita values(95, 0, 'Bombeiros de Braga', 92, '2016-02-29 01:53:53', '2016-02-29 02:03:03', '2016-02-29 01:53:53', 'Auditado.');
insert into audita values(96, 2, 'Bombeiros de Abrantes', 36, '2016-09-09 04:32:55', '2016-09-09 04:43:45', '2016-09-09 04:32:55', 'Auditado.');
insert into audita values(97, 2, 'Polcia de Loul', 42, '2018-03-23 09:50:54', '2018-03-23 09:58:58', '2018-03-23 09:50:54', 'Auditado.');
insert into audita values(98, 0, 'Polcia de Nazar', 14, '2017-11-29 10:49:07', '2017-11-29 10:54:28', '2017-11-29 10:49:07', 'Auditado.');
insert into audita values(99, 2, 'Polcia de Loul', 40, '2018-02-25 03:06:26', '2018-02-25 03:22:21', '2018-02-25 03:06:26', 'Auditado.');
insert into audita values(100, 1, 'Polcia de Loul', 37, '2018-04-21 07:04:18', '2018-04-21 07:15:15', '2018-04-21 07:04:18', 'Auditado.');
insert into audita values(101, 3, 'Polcia de Portalegre', 11, '2016-09-28 14:06:45', '2016-09-28 14:15:27', '2016-09-28 14:06:45', 'Auditado.');



insert into solicita values(0, '2018-03-31 17:49:41', 48, '2016-07-29 00:01:47', '2016-07-29 00:12:30');
insert into solicita values(1, '2018-01-15 16:44:54', 74, '2018-11-28 15:27:37', '2018-11-28 15:38:36');
insert into solicita values(2, '2017-05-20 10:53:38', 83, '2016-07-14 03:18:25', '2016-07-14 03:20:36');
insert into solicita values(3, '2017-01-09 18:50:23', 69, '2018-06-07 04:48:42', '2018-06-07 05:02:14');
insert into solicita values(4, '2018-09-04 00:38:03', 92, '2016-02-01 04:01:24', '2016-02-01 04:20:12');
insert into solicita values(5, '2018-08-21 20:51:22', 59, '2017-06-25 00:04:42', '2017-06-25 00:16:49');
insert into solicita values(6, '2017-01-05 05:54:23', 7, '2017-11-25 14:40:18', '2017-11-25 14:46:36');
insert into solicita values(7, '2017-01-28 17:13:10', 54, '2017-04-20 18:24:26', '2017-04-20 18:28:42');
insert into solicita values(8, '2018-07-07 20:00:31', 48, '2017-06-22 21:49:54', '2017-06-22 21:59:58');
insert into solicita values(9, '2018-11-06 23:34:44', 88, '2016-06-15 02:09:53', '2016-06-15 02:28:53');
insert into solicita values(10, '2018-02-21 08:29:19', 101, '2018-11-01 14:52:10', '2018-11-01 15:04:19');
insert into solicita values(11, '2018-02-10 16:57:25', 34, '2017-11-25 01:15:41', '2017-11-25 01:24:37');
insert into solicita values(12, '2018-01-01 16:06:15', 37, '2018-09-09 11:30:17', '2018-09-09 11:47:53');
insert into solicita values(13, '2017-11-12 22:55:17', 74, '2017-03-04 15:41:41', '2017-03-04 15:48:44');
insert into solicita values(14, '2018-07-22 18:36:19', 7, '2018-05-27 07:56:29', '2018-05-27 08:12:54');
insert into solicita values(15, '2017-04-10 21:43:49', 74, '2018-02-16 13:58:43', '2018-02-16 14:05:52');
insert into solicita values(16, '2016-08-20 18:56:34', 28, '2016-09-23 09:33:17', '2016-09-23 09:52:19');
insert into solicita values(17, '2016-04-30 19:22:18', 7, '2018-11-13 21:08:35', '2018-11-13 21:18:31');
insert into solicita values(18, '2016-07-17 02:57:43', 37, '2018-11-27 06:54:23', '2018-11-27 06:57:51');
insert into solicita values(19, '2017-03-09 22:03:25', 17, '2017-10-12 06:55:24', '2017-10-12 07:09:55');
insert into solicita values(20, '2016-05-07 03:38:59', 87, '2016-05-02 23:46:25', '2016-05-03 00:04:51');
insert into solicita values(21, '2017-12-01 11:12:00', 75, '2016-06-29 19:31:02', '2016-06-29 19:39:36');
insert into solicita values(22, '2018-11-01 01:15:44', 78, '2018-02-10 10:27:02', '2018-02-10 10:43:23');
insert into solicita values(23, '2016-07-26 20:34:09', 85, '2016-06-29 08:38:54', '2016-06-29 08:58:31');
insert into solicita values(24, '2018-11-20 13:45:15', 46, '2016-08-20 17:44:08', '2016-08-20 17:46:46');
insert into solicita values(25, '2018-09-10 08:01:00', 53, '2016-04-03 14:27:09', '2016-04-03 14:34:26');
insert into solicita values(26, '2018-11-07 07:31:46', 24, '2016-05-26 17:57:28', '2016-05-26 18:12:20');
insert into solicita values(27, '2017-06-23 15:17:51', 99, '2016-04-19 05:44:31', '2016-04-19 05:46:44');
insert into solicita values(28, '2018-08-21 20:51:22', 59, '2016-07-16 20:11:19', '2016-07-16 20:13:27');
insert into solicita values(29, '2016-08-24 08:29:29', 43, '2016-04-01 00:36:26', '2016-04-01 00:49:53');
insert into solicita values(30, '2018-02-13 16:16:29', 27, '2016-09-08 01:38:07', '2016-09-08 01:50:20');
insert into solicita values(31, '2018-09-30 04:18:13', 27, '2018-05-05 06:22:04', '2018-05-05 06:24:39');
insert into solicita values(32, '2018-02-13 16:16:29', 27, '2016-09-26 04:34:54', '2016-09-26 04:50:09');
insert into solicita values(33, '2016-06-27 08:29:23', 31, '2016-02-28 00:54:23', '2016-02-28 00:57:36');
insert into solicita values(34, '2017-05-19 20:02:44', 50, '2017-02-26 17:48:38', '2017-02-26 17:50:56');
insert into solicita values(35, '2017-07-07 06:47:27', 14, '2017-05-11 18:59:43', '2017-05-11 19:19:02');
insert into solicita values(36, '2017-04-15 01:06:04', 8, '2017-03-21 00:57:58', '2017-03-21 01:05:13');
insert into solicita values(37, '2018-09-26 17:54:02', 2, '2018-07-16 17:23:30', '2018-07-16 17:34:52');
insert into solicita values(38, '2018-12-17 23:01:22', 77, '2016-04-16 12:06:27', '2016-04-16 12:22:34');
insert into solicita values(39, '2017-01-16 05:56:20', 28, '2016-04-02 03:01:49', '2016-04-02 03:07:01');
insert into solicita values(40, '2017-01-28 17:13:10', 54, '2018-08-08 13:46:34', '2018-08-08 13:51:05');
insert into solicita values(41, '2017-01-04 12:56:12', 79, '2017-07-02 11:43:04', '2017-07-02 11:50:26');
insert into solicita values(42, '2017-08-02 10:23:29', 81, '2018-06-21 01:20:37', '2018-06-21 01:31:11');
insert into solicita values(43, '2016-08-27 07:41:39', 97, '2016-10-15 13:09:41', '2016-10-15 13:22:26');
insert into solicita values(44, '2017-01-18 19:32:20', 1, '2017-06-14 07:14:45', '2017-06-14 07:21:28');
insert into solicita values(45, '2017-03-02 05:26:29', 79, '2016-02-20 05:32:59', '2016-02-20 05:47:16');
insert into solicita values(46, '2018-07-07 20:00:31', 48, '2017-01-31 16:24:30', '2017-01-31 16:27:09');
insert into solicita values(47, '2018-06-19 00:08:27', 35, '2018-12-19 06:12:55', '2018-12-19 06:15:40');
insert into solicita values(48, '2017-03-15 10:38:59', 41, '2016-06-07 14:38:58', '2016-06-07 14:47:42');
insert into solicita values(49, '2018-07-22 18:36:19', 7, '2016-03-11 01:34:39', '2016-03-11 01:36:56');
insert into solicita values(50, '2017-08-02 20:50:04', 90, '2018-12-26 11:16:59', '2018-12-26 11:22:47');
insert into solicita values(51, '2016-03-29 07:15:44', 71, '2017-03-24 22:20:30', '2017-03-24 22:25:23');
insert into solicita values(52, '2017-08-02 10:23:29', 81, '2016-07-10 13:53:16', '2016-07-10 14:09:53');
insert into solicita values(53, '2017-10-30 06:00:13', 82, '2018-12-24 15:30:44', '2018-12-24 15:40:16');
insert into solicita values(54, '2016-01-19 10:34:46', 68, '2017-11-08 02:37:45', '2017-11-08 02:57:24');
insert into solicita values(55, '2017-06-14 17:44:39', 4, '2016-02-11 13:35:51', '2016-02-11 13:38:21');
insert into solicita values(56, '2017-06-14 17:44:39', 4, '2016-12-08 18:39:55', '2016-12-08 18:54:35');
insert into solicita values(57, '2016-05-21 08:42:06', 33, '2018-05-05 08:17:25', '2018-05-05 08:27:32');
insert into solicita values(58, '2016-02-10 14:24:06', 87, '2017-08-20 05:07:18', '2017-08-20 05:10:48');
insert into solicita values(59, '2018-02-13 16:16:29', 27, '2018-09-03 00:38:37', '2018-09-03 00:46:21');
insert into solicita values(60, '2018-09-30 04:18:13', 27, '2018-10-16 12:06:24', '2018-10-16 12:11:47');
insert into solicita values(61, '2017-03-07 19:26:42', 97, '2017-03-31 13:18:37', '2017-03-31 13:24:30');
insert into solicita values(62, '2016-05-21 08:42:06', 33, '2016-11-04 17:11:10', '2016-11-04 17:23:40');
insert into solicita values(63, '2017-08-21 10:58:43', 98, '2017-06-03 08:07:11', '2017-06-03 08:25:39');
insert into solicita values(64, '2016-12-06 16:20:04', 61, '2017-01-31 03:05:16', '2017-01-31 03:07:51');
insert into solicita values(65, '2016-05-13 22:59:55', 63, '2016-10-01 10:54:17', '2016-10-01 11:11:50');
insert into solicita values(66, '2017-04-26 15:34:33', 95, '2018-06-13 09:21:39', '2018-06-13 09:28:44');
insert into solicita values(67, '2016-10-14 23:01:17', 44, '2016-02-17 17:35:47', '2016-02-17 17:48:31');
insert into solicita values(68, '2017-03-28 02:02:16', 16, '2018-12-20 11:13:25', '2018-12-20 11:32:34');
insert into solicita values(69, '2018-02-21 08:29:19', 101, '2018-06-08 11:50:18', '2018-06-08 11:58:24');
insert into solicita values(70, '2018-11-14 11:49:48', 14, '2016-01-07 12:31:41', '2016-01-07 12:36:16');
insert into solicita values(71, '2017-10-08 12:15:12', 61, '2016-10-21 17:12:24', '2016-10-21 17:18:57');
insert into solicita values(72, '2016-10-09 01:40:57', 49, '2016-06-21 10:27:21', '2016-06-21 10:38:37');
insert into solicita values(73, '2017-11-08 03:16:46', 47, '2018-04-05 11:35:12', '2018-04-05 11:43:22');
insert into solicita values(74, '2017-04-26 15:34:33', 95, '2018-02-27 09:38:05', '2018-02-27 09:40:47');
insert into solicita values(75, '2018-08-16 05:35:51', 43, '2016-01-18 03:35:34', '2016-01-18 03:42:03');
insert into solicita values(76, '2017-05-07 11:25:18', 62, '2017-03-23 19:44:37', '2017-03-23 19:49:17');
insert into solicita values(77, '2016-07-15 09:01:21', 19, '2016-01-05 09:20:38', '2016-01-05 09:25:34');
insert into solicita values(78, '2017-03-26 16:45:09', 90, '2017-06-08 10:40:07', '2017-06-08 10:59:13');
insert into solicita values(79, '2018-12-01 21:01:37', 45, '2018-10-02 18:52:36', '2018-10-02 19:06:24');
insert into solicita values(80, '2016-09-25 22:12:45', 80, '2017-04-05 02:01:09', '2017-04-05 02:20:50');
insert into solicita values(81, '2018-08-03 09:25:22', 92, '2016-09-14 16:40:25', '2016-09-14 16:57:26');
insert into solicita values(82, '2017-11-08 03:16:46', 47, '2017-07-28 10:30:33', '2017-07-28 10:34:37');
insert into solicita values(83, '2017-01-05 05:54:23', 7, '2018-04-11 17:36:07', '2018-04-11 17:55:49');
insert into solicita values(84, '2018-07-22 18:36:19', 7, '2017-11-28 23:30:23', '2017-11-28 23:33:43');
insert into solicita values(85, '2018-05-20 10:11:30', 3, '2018-04-25 23:43:09', '2018-04-25 23:45:28');
insert into solicita values(86, '2018-07-02 09:17:51', 45, '2016-04-10 16:38:56', '2016-04-10 16:54:41');
insert into solicita values(87, '2016-08-28 21:22:36', 11, '2018-02-23 11:08:43', '2018-02-23 11:25:33');
insert into solicita values(88, '2018-03-14 15:04:03', 11, '2016-10-14 07:53:53', '2016-10-14 08:08:20');
insert into solicita values(89, '2018-11-20 13:45:15', 46, '2017-10-02 07:55:40', '2017-10-02 08:13:07');
insert into solicita values(90, '2018-01-21 09:57:49', 8, '2018-03-12 15:23:02', '2018-03-12 15:25:32');
insert into solicita values(91, '2018-02-13 16:16:29', 27, '2018-07-22 07:22:59', '2018-07-22 07:27:42');
insert into solicita values(92, '2018-07-25 10:28:54', 66, '2017-03-17 01:23:19', '2017-03-17 01:37:05');
insert into solicita values(93, '2016-11-22 21:14:52', 72, '2018-05-16 09:57:23', '2018-05-16 10:06:11');
insert into solicita values(94, '2016-05-13 17:53:27', 83, '2016-04-10 21:49:16', '2016-04-10 22:09:04');
insert into solicita values(95, '2017-10-14 07:11:24', 2, '2018-02-25 23:36:47', '2018-02-25 23:45:35');
insert into solicita values(96, '2017-07-27 12:56:06', 25, '2016-03-17 03:06:58', '2016-03-17 03:20:33');
insert into solicita values(97, '2017-07-31 02:07:05', 98, '2016-03-31 23:16:22', '2016-03-31 23:19:33');
insert into solicita values(98, '2018-08-17 06:56:11', 7, '2018-12-02 15:36:35', '2018-12-02 15:56:10');
insert into solicita values(99, '2016-02-20 17:38:34', 35, '2017-11-20 09:14:34', '2017-11-20 09:32:22');
insert into solicita values(100, '2017-01-09 18:50:23', 69, '2017-10-27 23:08:34', '2017-10-27 23:20:16');
insert into solicita values(101, '2017-10-02 01:18:00', 34, '2017-03-22 09:19:16', '2017-03-22 09:34:27');



----------------------------------------

insert into eventoEmergencia values(920456234, '2018-04-20 00:16:20', 'Dillaz', 'Oliveira do Hospital', 42);



insert into camara values(102);
insert into video values('2018-08-30 16:31:14', '2018-08-30 16:41:14', 102);
insert into segmentoVideo values(0, 70, '2018-08-30 16:31:14', 102);
insert into vigia values('Monchique', 102);

insert into entidadeMeio values('Cmara Municipal de Portimo');



insert into processoSocorro values(102);



insert into meio values(0, 'Carrinha', 'Cmara Municipal de Portimo');
insert into meioCombate values(0, 'Cmara Municipal de Portimo');

insert into acciona values(0, 'Cmara Municipal de Portimo', 0);
insert into acciona values(0, 'Cmara Municipal de Portimo', 1);
insert into acciona values(0, 'Cmara Municipal de Portimo', 2);
insert into acciona values(0, 'Cmara Municipal de Portimo', 3);
insert into acciona values(0, 'Cmara Municipal de Portimo', 4);
insert into acciona values(0, 'Cmara Municipal de Portimo', 5);
insert into acciona values(0, 'Cmara Municipal de Portimo', 6);
insert into acciona values(0, 'Cmara Municipal de Portimo', 7);
insert into acciona values(0, 'Cmara Municipal de Portimo', 8);
insert into acciona values(0, 'Cmara Municipal de Portimo', 9);
insert into acciona values(0, 'Cmara Municipal de Portimo', 10);
insert into acciona values(0, 'Cmara Municipal de Portimo', 11);
insert into acciona values(0, 'Cmara Municipal de Portimo', 12);
insert into acciona values(0, 'Cmara Municipal de Portimo', 13);
insert into acciona values(0, 'Cmara Municipal de Portimo', 14);
insert into acciona values(0, 'Cmara Municipal de Portimo', 15);
insert into acciona values(0, 'Cmara Municipal de Portimo', 16);
insert into acciona values(0, 'Cmara Municipal de Portimo', 17);
insert into acciona values(0, 'Cmara Municipal de Portimo', 18);
insert into acciona values(0, 'Cmara Municipal de Portimo', 19);
insert into acciona values(0, 'Cmara Municipal de Portimo', 20);
insert into acciona values(0, 'Cmara Municipal de Portimo', 21);
insert into acciona values(0, 'Cmara Municipal de Portimo', 22);
insert into acciona values(0, 'Cmara Municipal de Portimo', 23);
insert into acciona values(0, 'Cmara Municipal de Portimo', 24);
insert into acciona values(0, 'Cmara Municipal de Portimo', 25);
insert into acciona values(0, 'Cmara Municipal de Portimo', 26);
insert into acciona values(0, 'Cmara Municipal de Portimo', 27);
insert into acciona values(0, 'Cmara Municipal de Portimo', 28);
insert into acciona values(0, 'Cmara Municipal de Portimo', 29);
insert into acciona values(0, 'Cmara Municipal de Portimo', 30);
insert into acciona values(0, 'Cmara Municipal de Portimo', 31);
insert into acciona values(0, 'Cmara Municipal de Portimo', 32);
insert into acciona values(0, 'Cmara Municipal de Portimo', 33);
insert into acciona values(0, 'Cmara Municipal de Portimo', 34);
insert into acciona values(0, 'Cmara Municipal de Portimo', 35);
insert into acciona values(0, 'Cmara Municipal de Portimo', 36);
insert into acciona values(0, 'Cmara Municipal de Portimo', 37);
insert into acciona values(0, 'Cmara Municipal de Portimo', 38);
insert into acciona values(0, 'Cmara Municipal de Portimo', 39);
insert into acciona values(0, 'Cmara Municipal de Portimo', 40);
insert into acciona values(0, 'Cmara Municipal de Portimo', 41);
insert into acciona values(0, 'Cmara Municipal de Portimo', 42);
insert into acciona values(0, 'Cmara Municipal de Portimo', 43);
insert into acciona values(0, 'Cmara Municipal de Portimo', 44);
insert into acciona values(0, 'Cmara Municipal de Portimo', 45);
insert into acciona values(0, 'Cmara Municipal de Portimo', 46);
insert into acciona values(0, 'Cmara Municipal de Portimo', 47);
insert into acciona values(0, 'Cmara Municipal de Portimo', 48);
insert into acciona values(0, 'Cmara Municipal de Portimo', 49);
insert into acciona values(0, 'Cmara Municipal de Portimo', 50);
insert into acciona values(0, 'Cmara Municipal de Portimo', 51);
insert into acciona values(0, 'Cmara Municipal de Portimo', 52);
insert into acciona values(0, 'Cmara Municipal de Portimo', 53);
insert into acciona values(0, 'Cmara Municipal de Portimo', 54);
insert into acciona values(0, 'Cmara Municipal de Portimo', 55);
insert into acciona values(0, 'Cmara Municipal de Portimo', 56);
insert into acciona values(0, 'Cmara Municipal de Portimo', 57);
insert into acciona values(0, 'Cmara Municipal de Portimo', 58);
insert into acciona values(0, 'Cmara Municipal de Portimo', 59);
insert into acciona values(0, 'Cmara Municipal de Portimo', 60);
insert into acciona values(0, 'Cmara Municipal de Portimo', 61);
insert into acciona values(0, 'Cmara Municipal de Portimo', 62);
insert into acciona values(0, 'Cmara Municipal de Portimo', 63);
insert into acciona values(0, 'Cmara Municipal de Portimo', 64);
insert into acciona values(0, 'Cmara Municipal de Portimo', 65);
insert into acciona values(0, 'Cmara Municipal de Portimo', 66);
insert into acciona values(0, 'Cmara Municipal de Portimo', 67);
insert into acciona values(0, 'Cmara Municipal de Portimo', 68);
insert into acciona values(0, 'Cmara Municipal de Portimo', 69);
insert into acciona values(0, 'Cmara Municipal de Portimo', 70);
insert into acciona values(0, 'Cmara Municipal de Portimo', 71);
insert into acciona values(0, 'Cmara Municipal de Portimo', 72);
insert into acciona values(0, 'Cmara Municipal de Portimo', 73);
insert into acciona values(0, 'Cmara Municipal de Portimo', 74);
insert into acciona values(0, 'Cmara Municipal de Portimo', 75);
insert into acciona values(0, 'Cmara Municipal de Portimo', 76);
insert into acciona values(0, 'Cmara Municipal de Portimo', 77);
insert into acciona values(0, 'Cmara Municipal de Portimo', 78);
insert into acciona values(0, 'Cmara Municipal de Portimo', 79);
insert into acciona values(0, 'Cmara Municipal de Portimo', 80);
insert into acciona values(0, 'Cmara Municipal de Portimo', 81);
insert into acciona values(0, 'Cmara Municipal de Portimo', 82);
insert into acciona values(0, 'Cmara Municipal de Portimo', 83);
insert into acciona values(0, 'Cmara Municipal de Portimo', 84);
insert into acciona values(0, 'Cmara Municipal de Portimo', 85);
insert into acciona values(0, 'Cmara Municipal de Portimo', 86);
insert into acciona values(0, 'Cmara Municipal de Portimo', 87);
insert into acciona values(0, 'Cmara Municipal de Portimo', 88);
insert into acciona values(0, 'Cmara Municipal de Portimo', 89);
insert into acciona values(0, 'Cmara Municipal de Portimo', 90);
insert into acciona values(0, 'Cmara Municipal de Portimo', 91);
insert into acciona values(0, 'Cmara Municipal de Portimo', 92);
insert into acciona values(0, 'Cmara Municipal de Portimo', 93);
insert into acciona values(0, 'Cmara Municipal de Portimo', 94);
insert into acciona values(0, 'Cmara Municipal de Portimo', 95);
insert into acciona values(0, 'Cmara Municipal de Portimo', 96);
insert into acciona values(0, 'Cmara Municipal de Portimo', 97);
insert into acciona values(0, 'Cmara Municipal de Portimo', 98);
insert into acciona values(0, 'Cmara Municipal de Portimo', 99);
insert into acciona values(0, 'Cmara Municipal de Portimo', 100);
insert into acciona values(0, 'Cmara Municipal de Portimo', 101);